date,C1,C2,C3,C4,C5
1889-01-01,358.6,80.9,698.9,631.1,121.2
1889-02-01,86.3,28.7,230.0,417.5,0.2
1889-03-01,22.7,1.2,64.4,82.2,0.0
1889-04-01,317.2,744.1,2589.5,4374.1,27.5
1889-05-01,284.2,554.6,1895.2,1969.1,3.0
1889-06-01,1492.6,3832.2,12034.6,8612.6,1118.3
1889-07-01,254.6,1830.5,8708.1,6175.8,517.9
1889-08-01,613.8,3010.5,10533.0,6381.2,1467.9
1889-09-01,222.8,485.4,3879.7,2728.7,122.6
1889-10-01,375.5,1315.4,4818.7,8482.6,3326.3
1889-11-01,195.8,147.5,1363.5,1823.2,20.8
1889-12-01,37.6,40.7,398.8,475.8,0.1
1890-01-01,32.5,29.3,156.6,364.7,0.4
1890-02-01,4.6,24.3,46.2,90.0,0.0
1890-03-01,23.2,69.8,200.7,638.5,0.3
1890-04-01,10.5,27.2,51.2,240.0,0.1
1890-05-01,19.8,67.0,171.3,657.2,0.6
1890-06-01,60.3,93.3,322.3,1703.6,10.0
1890-07-01,79.2,144.1,615.4,2467.7,22.5
1890-08-01,213.8,636.0,1966.7,4949.7,221.8
1890-09-01,145.6,1136.3,2714.8,8827.6,343.4
1890-10-01,125.9,334.8,1486.3,5440.7,307.4
1890-11-01,256.9,599.1,2340.1,8572.0,152.4
1890-12-01,53.8,60.5,532.8,1511.3,6.1
1891-01-01,11.6,32.1,161.3,333.4,0.0
1891-02-01,2.7,27.7,48.3,74.5,0.0
1891-03-01,61.9,46.5,81.8,128.4,0.0
1891-04-01,18.8,91.1,214.2,348.1,0.0
1891-05-01,49.7,56.0,288.8,534.5,2.0
1891-06-01,92.0,289.7,1100.0,3567.2,72.1
1891-07-01,354.8,2376.1,7396.7,8265.0,7.5
1891-08-01,201.8,3365.8,7677.0,8715.9,0.4
1891-09-01,106.1,761.3,3158.9,3645.6,12.0
1891-10-01,390.5,1748.6,5843.9,9512.1,78.5
1891-11-01,130.0,277.3,1749.3,2260.0,5.9
1891-12-01,68.9,103.7,713.1,919.3,2.3
1892-01-01,11.0,47.4,188.3,199.9,0.0
1892-02-01,2.9,42.5,58.9,47.3,0.0
1892-03-01,18.7,76.3,164.9,555.2,0.8
1892-04-01,581.5,949.8,5003.3,7844.5,278.7
1892-05-01,271.4,609.8,3309.8,6173.4,33.8
1892-06-01,253.6,866.7,4273.7,6335.3,53.5
1892-07-01,116.2,818.2,5628.6,5492.6,125.1
1892-08-01,412.6,3557.1,12890.3,8220.1,968.8
1892-09-01,238.1,1459.1,6021.3,5658.2,189.7
1892-10-01,180.1,981.0,3355.4,4449.5,42.5
1892-11-01,298.3,432.9,2290.5,2392.7,36.3
1892-12-01,115.2,228.2,1009.6,2220.4,5.5
1893-01-01,18.5,63.4,234.9,343.9,0.0
1893-02-01,4.6,57.1,73.5,89.0,0.0
1893-03-01,23.9,114.4,170.2,710.0,0.1
1893-04-01,150.1,331.2,1467.4,2436.9,19.6
1893-05-01,541.9,1606.4,5009.9,10074.6,154.7
1893-06-01,231.7,718.0,3024.4,8533.6,136.9
1893-07-01,155.8,1356.4,4808.7,7537.1,230.9
1893-08-01,293.1,3541.5,10802.5,9886.3,454.0
1893-09-01,471.3,4223.7,12623.8,13168.3,4804.8
1893-10-01,949.9,2776.8,10559.4,12536.7,2588.1
1893-11-01,451.7,1158.4,4187.9,9217.5,115.5
1893-12-01,79.4,141.2,1124.8,1260.4,1.1
1894-01-01,19.8,91.5,352.5,315.3,0.0
1894-02-01,5.3,82.8,115.4,149.1,0.0
1894-03-01,53.9,96.2,162.5,178.1,0.5
1894-04-01,101.2,243.1,932.9,1364.6,11.1
1894-05-01,112.8,396.8,1580.6,2237.4,3.0
1894-06-01,204.6,1024.0,3781.0,5704.8,85.4
1894-07-01,492.9,2899.9,12521.6,13033.8,1348.4
1894-08-01,245.2,2154.5,9119.2,5977.5,329.5
1894-09-01,647.1,2753.7,12475.1,7988.9,1519.0
1894-10-01,1531.0,2245.2,13152.4,13945.8,7934.7
1894-11-01,177.1,117.5,2480.7,1334.1,20.9
1894-12-01,143.9,265.1,1332.0,1472.6,3.7
1895-01-01,60.3,128.7,450.3,598.8,0.8
1895-02-01,9.8,96.4,121.7,120.7,0.0
1895-03-01,16.3,119.7,140.1,296.3,0.5
1895-04-01,112.7,170.2,396.8,907.3,2.2
1895-05-01,22.6,130.6,218.7,659.9,0.2
1895-06-01,54.1,160.2,529.5,1640.5,11.2
1895-07-01,100.7,346.7,1562.5,2865.0,17.5
1895-08-01,192.5,1060.8,5104.4,11054.3,865.6
1895-09-01,265.8,1608.6,4562.8,13125.6,632.1
1895-10-01,46.1,146.6,1043.3,1801.7,3.6
1895-11-01,9.8,101.3,296.0,400.6,0.0
1895-12-01,32.8,148.4,384.0,745.7,0.2
1896-01-01,14.7,118.0,189.1,813.3,3.4
1896-02-01,41.2,146.2,326.0,1255.8,2.4
1896-03-01,18.5,113.6,130.4,749.2,1.0
1896-04-01,140.5,276.2,766.8,3878.1,150.1
1896-05-01,130.9,526.1,1907.0,9838.5,190.5
1896-06-01,44.2,418.8,1187.3,10235.5,533.2
1896-07-01,157.5,1293.5,3577.1,8583.2,696.1
1896-08-01,150.5,2257.9,6571.7,9701.6,786.8
1896-09-01,136.5,1756.4,5747.8,8566.4,161.4
1896-10-01,18.5,110.9,1052.1,1048.2,1.2
1896-11-01,12.4,109.2,379.5,310.4,0.0
1896-12-01,6.2,111.0,142.8,158.4,0.0
1897-01-01,250.5,413.1,1120.6,2398.1,4.3
1897-02-01,57.0,179.4,478.9,1803.3,2.2
1897-03-01,19.8,125.7,199.3,967.3,0.4
1897-04-01,13.3,110.5,112.5,433.3,0.0
1897-05-01,19.0,138.1,189.5,1472.6,0.7
1897-06-01,37.8,135.8,260.0,1816.6,0.9
1897-07-01,61.1,207.8,607.9,3486.7,1.6
1897-08-01,141.1,424.0,1931.4,8421.2,32.9
1897-09-01,96.6,366.7,1152.0,4079.7,1.9
1897-10-01,125.7,497.6,1391.2,3651.5,3.4
1897-11-01,33.2,125.5,327.0,797.5,0.4
1897-12-01,7.6,101.3,99.6,194.6,0.0
1898-01-01,1.8,99.7,31.8,44.2,0.0
1898-02-01,2.0,90.5,13.1,11.7,0.0
1898-03-01,0.5,98.7,7.0,9.8,0.0
1898-04-01,35.2,142.5,346.9,454.6,0.9
1898-05-01,30.6,181.5,389.7,877.7,3.0
1898-06-01,144.6,276.6,984.2,1149.6,12.9
1898-07-01,111.6,461.9,2161.7,1741.0,9.3
1898-08-01,31.3,157.9,715.4,663.5,2.0
1898-09-01,146.4,559.3,1922.7,2749.3,54.9
1898-10-01,95.9,256.9,926.4,1097.6,1.5
1898-11-01,49.6,118.3,352.2,542.3,0.5
1898-12-01,15.9,108.7,152.3,356.3,0.1
1899-01-01,32.3,131.8,274.9,752.3,2.5
1899-02-01,22.3,92.2,100.1,317.3,0.2
1899-03-01,41.9,119.2,126.0,899.6,7.9
1899-04-01,67.8,305.5,790.6,3270.9,7.3
1899-05-01,62.0,276.0,671.0,4784.9,43.9
1899-06-01,301.7,1419.7,2278.2,15492.3,1354.0
1899-07-01,36.1,174.8,442.7,3560.7,9.2
1899-08-01,89.5,845.7,1209.5,5763.2,163.7
1899-09-01,33.1,244.4,575.8,2845.1,117.7
1899-10-01,60.7,375.2,664.7,1786.8,19.7
1899-11-01,117.8,508.6,1167.5,7722.7,126.0
1899-12-01,15.9,95.1,206.6,747.5,0.8
1900-01-01,14.9,99.0,102.3,393.6,0.4
1900-02-01,2.3,83.2,25.8,74.0,0.0
1900-03-01,133.9,217.4,832.8,1415.1,14.9
1900-04-01,135.6,494.4,1597.8,5519.3,246.5
1900-05-01,169.7,1358.3,2667.7,9587.2,332.8
1900-06-01,310.1,2588.7,4302.4,11171.4,3496.5
1900-07-01,50.7,1250.7,2385.3,3594.2,141.1
1900-08-01,453.2,4506.7,11403.0,11306.6,6778.1
1900-09-01,209.0,2195.5,6232.6,8429.7,1544.3
1900-10-01,52.1,198.3,1983.2,1384.4,7.9
1900-11-01,16.9,110.2,529.9,331.8,0.0
1900-12-01,8.8,111.8,188.9,129.9,0.0
1901-01-01,46.9,194.9,325.3,796.4,2.8
1901-02-01,5.4,99.4,58.3,127.7,0.0
1901-03-01,34.1,182.8,241.2,562.4,0.2
1901-04-01,226.5,725.3,2191.3,5856.7,98.5
1901-05-01,41.1,157.5,444.0,1484.3,1.2
1901-06-01,242.1,677.6,924.4,4191.6,75.6
1901-07-01,53.2,344.1,494.3,3496.1,6.3
1901-08-01,60.7,1004.6,1576.2,7235.8,66.4
1901-09-01,219.9,759.6,1775.7,6750.0,228.7
1901-10-01,131.0,348.3,927.0,1776.9,59.4
1901-11-01,25.8,110.9,226.7,495.7,0.4
1901-12-01,7.2,107.8,76.4,150.5,0.0
1902-01-01,18.0,131.2,90.5,215.8,0.0
1902-02-01,7.7,102.0,61.3,179.6,0.0
1902-03-01,65.6,192.4,271.7,1003.9,0.3
1902-04-01,7.0,100.8,40.6,155.0,0.0
1902-05-01,8.6,111.7,90.1,133.9,0.0
1902-06-01,108.1,301.0,895.8,1210.1,2.8
1902-07-01,17.8,113.6,251.3,459.6,0.2
1902-08-01,11.9,128.6,213.5,383.9,0.4
1902-09-01,47.9,200.8,561.9,1318.0,4.2
1902-10-01,19.3,125.6,195.8,468.8,0.1
1902-11-01,3.9,96.6,48.6,107.3,0.0
1902-12-01,163.0,749.2,1924.6,4548.1,25.9
1903-01-01,24.6,101.5,306.9,777.1,0.1
1903-02-01,21.8,103.9,203.2,440.4,0.2
1903-03-01,37.9,188.3,315.4,1522.7,3.9
1903-04-01,181.8,295.6,1164.5,4905.8,43.8
1903-05-01,52.9,145.9,381.3,1901.8,1.3
1903-06-01,97.5,308.7,912.6,6455.5,30.7
1903-07-01,285.1,1047.9,3789.3,10906.1,560.9
1903-08-01,49.3,143.7,896.8,2660.7,46.5
1903-09-01,192.5,1305.2,2301.1,7629.5,237.1
1903-10-01,129.1,609.2,1254.2,3881.5,30.2
1903-11-01,370.1,817.9,1538.3,6621.8,211.6
1903-12-01,83.5,149.7,557.7,1699.2,3.6
1904-01-01,266.7,496.2,1197.1,10380.5,58.8
1904-02-01,177.8,583.8,1242.0,10982.4,93.3
1904-03-01,26.9,101.2,242.5,1156.4,1.1
1904-04-01,9.9,97.8,102.3,386.1,0.5
1904-05-01,159.9,336.6,890.1,3288.5,47.5
1904-06-01,346.2,864.2,2176.9,7162.7,207.2
1904-07-01,149.8,737.5,2013.6,8576.8,1565.1
1904-08-01,171.3,532.8,2236.2,5744.8,1584.4
1904-09-01,56.9,430.2,1104.5,2116.5,191.5
1904-10-01,195.5,620.3,1653.8,4409.8,172.3
1904-11-01,47.9,181.7,543.2,1291.6,8.5
1904-12-01,8.9,98.4,134.4,248.1,0.0
1905-01-01,7.0,101.3,69.0,273.6,0.5
1905-02-01,6.7,91.9,40.5,121.1,0.1
1905-03-01,1.3,96.0,11.8,33.6,0.0
1905-04-01,28.0,129.0,144.5,371.2,0.1
1905-05-01,152.9,514.3,1774.5,2876.3,21.2
1905-06-01,95.7,237.5,750.5,1199.5,5.3
1905-07-01,409.4,1520.1,4544.6,5543.5,67.2
1905-08-01,72.1,280.0,1211.5,1901.5,1.4
1905-09-01,176.5,605.0,1770.1,5157.8,100.0
1905-10-01,323.0,1587.5,2939.6,5037.9,66.2
1905-11-01,53.4,136.9,598.1,812.3,1.0
1905-12-01,88.8,162.4,383.4,549.1,0.2
1906-01-01,11.2,97.7,88.4,99.4,0.0
1906-02-01,4.8,89.5,36.2,37.3,0.0
1906-03-01,167.9,316.5,889.7,2485.3,7.2
1906-04-01,23.8,97.0,156.4,418.8,0.0
1906-05-01,153.2,271.3,866.7,2003.0,25.3
1906-06-01,287.8,967.8,2129.3,4385.2,105.9
1906-07-01,278.2,1442.5,3630.6,7744.4,709.9
1906-08-01,256.3,2047.9,3845.7,9032.5,606.8
1906-09-01,494.3,2567.6,4053.5,8672.3,630.2
1906-10-01,735.1,2482.2,6004.8,11867.3,3341.4
1906-11-01,599.2,1530.6,4131.0,7775.1,1784.6
1906-12-01,79.9,114.6,802.2,840.2,2.6
1907-01-01,21.7,112.6,274.6,216.6,0.0
1907-02-01,8.4,102.8,94.3,84.7,0.0
1907-03-01,3.4,112.3,45.9,88.6,0.0
1907-04-01,167.9,438.9,949.8,1945.9,32.7
1907-05-01,72.9,226.8,539.9,1261.3,3.5
1907-06-01,24.0,197.2,329.1,1285.7,5.1
1907-07-01,146.4,430.8,1390.9,1839.1,17.2
1907-08-01,216.3,1438.1,4173.0,6074.1,295.8
1907-09-01,34.0,208.6,950.0,1361.9,5.7
1907-10-01,16.9,130.0,405.9,652.3,1.0
1907-11-01,47.5,138.0,243.9,349.9,0.2
1907-12-01,264.8,448.1,1364.7,3665.1,118.6
1908-01-01,29.4,108.0,211.3,587.2,0.6
1908-02-01,7.7,97.5,68.8,160.7,0.0
1908-03-01,28.2,133.8,174.3,432.6,0.3
1908-04-01,3.3,101.8,30.0,72.7,0.0
1908-05-01,57.1,143.7,273.4,305.1,0.2
1908-06-01,116.2,282.5,934.7,1026.9,6.1
1908-07-01,24.9,124.3,287.5,713.8,1.0
1908-08-01,48.2,245.8,817.4,730.3,1.2
1908-09-01,310.2,1099.0,3960.8,4313.5,121.1
1908-10-01,182.5,547.9,2180.9,3437.9,10.6
1908-11-01,56.8,132.5,622.5,884.1,0.3
1908-12-01,11.3,102.6,176.7,212.9,0.0
1909-01-01,20.4,125.4,149.2,600.4,1.1
1909-02-01,9.4,100.7,64.9,209.3,0.0
1909-03-01,20.4,127.3,150.9,595.2,0.6
1909-04-01,89.1,256.6,561.6,1162.3,1.1
1909-05-01,348.1,906.1,1266.0,3554.1,13.5
1909-06-01,334.7,2377.4,4041.5,10063.0,269.8
1909-07-01,136.3,2282.3,3700.3,6836.4,23.0
1909-08-01,1647.2,7698.1,20184.7,18104.1,8915.6
1909-09-01,281.1,698.9,5101.4,3257.2,60.1
1909-10-01,96.4,187.2,1618.5,1049.9,4.1
1909-11-01,22.1,132.5,494.4,366.5,0.2
1909-12-01,48.7,142.8,266.3,426.4,0.8
1910-01-01,27.5,126.6,124.7,247.4,0.1
1910-02-01,5.1,110.0,31.5,44.7,0.0
1910-03-01,145.0,204.2,579.3,802.8,5.1
1910-04-01,17.5,117.6,101.8,171.8,0.0
1910-05-01,124.6,245.4,646.6,1112.1,2.6
1910-06-01,94.0,171.2,302.4,494.5,0.5
1910-07-01,185.3,353.2,1641.8,1816.1,14.7
1910-08-01,101.0,303.7,1141.5,1414.1,24.2
1910-09-01,523.6,1500.8,5300.2,6962.7,247.3
1910-10-01,203.8,472.8,2063.9,5955.7,42.7
1910-11-01,120.9,301.5,1062.2,1972.4,4.0
1910-12-01,51.1,158.0,352.8,1037.0,0.6
1911-01-01,13.1,122.1,103.9,220.5,0.0
1911-02-01,481.2,419.8,2250.0,3052.0,34.5
1911-03-01,794.7,1974.5,4789.5,11465.6,68.9
1911-04-01,96.8,130.7,767.9,1750.4,0.4
1911-05-01,167.4,572.1,1060.6,4584.7,3.3
1911-06-01,317.2,1695.0,2446.4,8687.9,79.7
1911-07-01,136.6,1549.5,2105.1,5251.0,53.3
1911-08-01,51.9,356.8,940.9,1414.5,1.7
1911-09-01,676.3,5677.2,11932.2,20453.6,4616.1
1911-10-01,153.7,248.8,2507.9,3052.6,24.0
1911-11-01,28.1,128.8,682.4,673.5,0.0
1911-12-01,294.5,450.1,1245.4,2903.8,45.5
1912-01-01,32.2,130.7,221.8,457.9,0.2
1912-02-01,12.1,119.1,78.0,154.0,0.0
1912-03-01,11.2,144.7,82.6,216.0,0.1
1912-04-01,42.4,224.7,384.2,538.9,0.3
1912-05-01,11.5,139.8,132.8,334.2,0.0
1912-06-01,59.4,252.6,369.6,862.2,0.5
1912-07-01,38.8,189.7,277.3,639.6,0.2
1912-08-01,46.5,235.6,480.9,635.3,0.2
1912-09-01,451.3,930.6,2380.3,5015.5,59.7
1912-10-01,54.5,140.9,444.4,1108.4,1.0
1912-11-01,107.9,310.2,707.6,1930.3,15.3
1912-12-01,73.1,162.5,327.2,848.0,2.0
1913-01-01,10.1,121.6,71.5,160.5,0.0
1913-02-01,41.4,137.4,287.2,574.8,1.6
1913-03-01,619.8,1589.5,3143.1,8232.9,210.6
1913-04-01,71.1,126.6,475.9,1338.8,1.1
1913-05-01,72.4,581.9,707.1,4507.1,20.7
1913-06-01,41.5,221.3,288.5,2177.8,1.9
1913-07-01,40.1,425.2,420.2,3079.7,0.4
1913-08-01,151.0,1048.4,1490.7,4955.9,35.1
1913-09-01,104.0,785.7,1287.7,4206.3,81.7
1913-10-01,29.6,191.0,367.9,989.4,2.5
1913-11-01,49.1,304.4,510.7,1779.6,16.6
1913-12-01,12.4,130.5,137.7,444.8,0.2
1914-01-01,6.3,122.7,47.0,180.9,0.0
1914-02-01,1.4,108.0,14.7,39.3,0.0
1914-03-01,3.9,122.5,29.4,89.8,0.0
1914-04-01,55.4,156.4,293.0,717.2,1.6
1914-05-01,28.7,159.8,198.1,437.9,0.4
1914-06-01,11.9,116.9,78.7,124.9,0.0
1914-07-01,115.0,309.2,1050.7,911.6,4.2
1914-08-01,15.1,118.1,193.4,168.7,0.0
1914-09-01,9.5,123.1,133.5,204.1,0.0
1914-10-01,1.7,111.3,30.8,36.6,0.0
1914-11-01,20.6,116.8,88.5,271.6,0.2
1914-12-01,111.6,196.5,444.0,1096.5,1.9
1915-01-01,22.5,115.6,108.8,233.4,0.0
1915-02-01,5.1,98.5,27.4,50.3,0.0
1915-03-01,1.6,107.4,11.4,23.1,0.0
1915-04-01,36.9,137.2,219.2,196.6,0.1
1915-05-01,123.3,361.3,1147.7,792.9,1.6
1915-06-01,217.1,901.7,2721.3,2589.2,39.3
1915-07-01,91.0,309.1,1897.6,1511.5,9.6
1915-08-01,245.7,1148.3,3592.6,1548.9,48.9
1915-09-01,492.1,2100.6,6236.4,3534.4,203.2
1915-10-01,153.6,520.6,2258.9,1740.2,8.2
1915-11-01,34.7,121.8,631.4,785.4,1.3
1915-12-01,8.3,110.0,193.9,164.9,0.0
1916-01-01,36.5,141.3,287.6,831.4,1.6
1916-02-01,8.2,102.3,80.0,270.3,0.0
1916-03-01,1.7,107.1,23.7,59.4,0.0
1916-04-01,30.2,141.3,189.1,593.1,1.0
1916-05-01,6.9,111.3,60.1,141.0,0.0
1916-06-01,136.5,303.8,1026.0,1580.7,27.0
1916-07-01,159.6,281.0,1617.9,1608.0,3.5
1916-08-01,290.5,755.6,2873.0,2203.1,27.2
1916-09-01,1489.1,8250.1,19972.6,28957.6,6814.1
1916-10-01,660.5,2095.2,7938.1,11627.3,1612.2
1916-11-01,561.6,2511.4,5438.3,7810.4,1291.7
1916-12-01,366.6,598.2,2554.2,4166.1,110.4
1917-01-01,58.5,139.5,600.2,644.1,0.6
1917-02-01,52.9,163.5,337.5,1167.5,4.3
1917-03-01,34.2,160.9,216.5,751.3,1.2
1917-04-01,17.8,159.4,149.5,711.1,0.3
1917-05-01,264.3,554.5,1514.4,5834.3,203.7
1917-06-01,71.4,259.5,439.4,3251.0,6.1
1917-07-01,227.7,1459.0,3470.6,9326.1,751.5
1917-08-01,510.1,2560.3,5867.3,6895.0,3125.8
1917-09-01,390.8,2087.3,5409.6,5990.6,212.8
1917-10-01,634.9,2488.9,5655.7,10701.6,4557.4
1917-11-01,214.8,698.0,2217.3,3425.2,63.9
1917-12-01,55.8,167.1,611.4,765.7,0.5
1918-01-01,19.0,138.9,194.9,231.5,0.0
1918-02-01,4.9,128.1,66.0,58.7,0.0
1918-03-01,153.6,488.7,867.5,1192.1,1.6
1918-04-01,38.1,152.7,209.3,363.2,0.1
1918-05-01,332.6,639.0,1956.5,3025.8,32.8
1918-06-01,242.6,1143.7,2468.6,4722.6,75.5
1918-07-01,191.3,2002.5,5053.8,8684.2,105.2
1918-08-01,96.2,1071.5,3141.6,4734.4,98.1
1918-09-01,70.5,359.7,1397.2,1271.1,1.9
1918-10-01,92.3,332.8,1105.4,1692.9,28.7
1918-11-01,11.3,134.0,215.4,295.4,0.1
1918-12-01,10.8,142.2,106.1,187.0,0.0
1919-01-01,1.7,136.0,29.5,40.3,0.0
1919-02-01,78.8,237.7,475.4,1198.4,5.4
1919-03-01,120.1,505.2,1706.2,4623.2,21.4
1919-04-01,14.3,130.7,255.9,734.3,0.1
1919-05-01,89.1,334.7,559.5,2481.3,14.3
1919-06-01,90.4,522.4,806.0,3132.0,13.5
1919-07-01,68.9,422.6,1042.9,3982.6,24.7
1919-08-01,59.1,464.2,906.2,3512.6,11.4
1919-09-01,115.2,423.1,836.0,1654.4,11.8
1919-10-01,25.3,157.6,241.6,489.3,0.1
1919-11-01,6.6,130.2,76.3,226.1,0.0
1919-12-01,25.7,153.8,135.7,626.1,0.3
1920-01-01,3.3,127.5,24.4,110.7,0.0
1920-02-01,0.9,115.3,8.7,30.6,0.0
1920-03-01,9.1,131.3,51.9,141.0,0.1
1920-04-01,2.9,126.2,32.0,80.9,0.0
1920-05-01,69.4,243.6,403.0,464.3,0.3
1920-06-01,171.6,279.3,873.0,830.4,7.8
1920-07-01,145.0,288.9,845.6,523.2,0.3
1920-08-01,627.0,1791.2,5032.2,3447.7,80.9
1920-09-01,274.6,1342.2,3216.8,3375.6,40.8
1920-10-01,86.7,376.9,1096.7,1201.4,3.2
1920-11-01,124.3,697.5,1488.9,2368.3,13.9
1920-12-01,21.8,134.2,320.3,550.1,0.1
1921-01-01,87.1,208.5,514.9,1278.9,4.8
1921-02-01,22.5,132.5,121.8,327.6,0.0
1921-03-01,12.1,126.2,72.3,128.6,0.0
1921-04-01,4.0,120.6,37.9,109.7,0.0
1921-05-01,67.5,264.4,571.4,2059.7,7.1
1921-06-01,75.7,218.1,526.4,1785.2,5.6
1921-07-01,214.4,525.8,2535.0,4141.3,64.2
1921-08-01,458.5,1620.0,5944.0,7728.5,136.9
1921-09-01,522.6,1900.3,5805.5,9769.6,211.3
1921-10-01,131.5,286.7,1596.0,2272.8,6.2
1921-11-01,85.6,213.5,695.6,1005.5,1.7
1921-12-01,30.0,204.2,322.6,523.0,0.0
1922-01-01,6.1,122.9,86.0,119.8,0.0
1922-02-01,9.8,116.3,47.6,46.8,0.0
1922-03-01,1.5,120.5,15.0,34.5,0.0
1922-04-01,8.5,126.5,96.2,235.0,0.2
1922-05-01,119.2,281.3,929.9,1895.6,12.5
1922-06-01,59.1,372.2,1056.6,3069.9,13.3
1922-07-01,58.7,292.0,1333.7,2087.5,13.8
1922-08-01,147.2,951.8,4836.3,5938.2,308.0
1922-09-01,125.9,1141.6,2836.5,3963.0,23.3
1922-10-01,261.7,1075.2,3435.2,7922.9,231.6
1922-11-01,44.9,130.0,729.8,918.8,1.4
1922-12-01,60.0,313.4,766.9,2341.2,25.7
1923-01-01,13.0,129.0,174.1,633.1,0.2
1923-02-01,2.7,107.3,50.8,128.8,0.0
1923-03-01,0.8,116.8,19.3,36.2,0.0
1923-04-01,0.2,112.1,6.2,8.5,0.0
1923-05-01,271.4,431.8,1244.2,1469.8,18.4
1923-06-01,536.5,538.9,2499.6,1907.2,41.1
1923-07-01,2182.0,4253.6,18884.7,8235.3,1328.8
1923-08-01,477.0,1994.7,8952.2,5367.4,1169.7
1923-09-01,379.4,1788.8,6701.5,6251.1,675.1
1923-10-01,503.9,2624.8,5557.8,8339.9,619.1
1923-11-01,150.7,284.4,1498.3,1482.0,18.1
1923-12-01,163.4,234.8,923.2,1473.0,13.3
1924-01-01,47.0,176.7,325.7,900.3,0.5
1924-02-01,601.6,869.8,2046.9,6526.0,111.9
1924-03-01,892.6,2458.7,3065.2,16557.1,268.1
1924-04-01,174.4,745.3,1012.1,6176.0,111.5
1924-05-01,66.9,290.8,402.2,2592.1,61.1
1924-06-01,262.1,1325.2,1196.7,4835.4,693.8
1924-07-01,50.1,570.5,440.5,1585.1,79.3
1924-08-01,617.4,3823.3,6626.4,11591.3,5321.4
1924-09-01,509.4,2596.7,4316.8,6316.4,281.6
1924-10-01,594.4,1761.1,3500.3,6689.4,950.9
1924-11-01,968.2,1326.4,4247.7,9115.6,2163.9
1924-12-01,149.9,222.8,876.2,1429.3,17.6
1925-01-01,53.1,175.6,290.5,387.8,0.1
1925-02-01,30.9,159.2,138.0,363.7,0.3
1925-03-01,5.7,148.9,41.4,77.0,0.0
1925-04-01,8.5,149.1,73.3,144.7,0.1
1925-05-01,122.6,301.7,852.3,2715.5,41.0
1925-06-01,29.3,159.1,269.8,766.2,2.3
1925-07-01,104.0,301.5,1250.1,1840.0,13.6
1925-08-01,63.1,290.7,966.0,1899.0,11.3
1925-09-01,165.2,377.2,1423.7,2561.0,69.7
1925-10-01,27.3,152.0,328.6,635.8,0.5
1925-11-01,26.2,173.5,319.9,1439.4,3.0
1925-12-01,4.5,139.7,66.3,243.1,0.0
1926-01-01,3.7,140.7,36.1,97.9,0.0
1926-02-01,0.5,125.1,9.0,21.8,0.0
1926-03-01,1.5,137.8,10.8,52.2,0.0
1926-04-01,41.4,180.1,178.4,248.2,0.2
1926-05-01,169.0,449.5,871.4,1097.1,15.5
1926-06-01,100.0,384.4,883.8,934.9,2.5
1926-07-01,168.5,551.2,2265.5,1552.6,33.2
1926-08-01,119.9,406.3,1664.8,746.0,9.4
1926-09-01,53.8,213.1,739.1,651.0,5.9
1926-10-01,158.3,311.5,902.6,1067.9,9.8
1926-11-01,32.3,149.5,268.9,313.6,0.2
1926-12-01,30.1,143.4,136.2,228.1,0.2
1927-01-01,4.2,128.7,33.0,42.9,0.0
1927-02-01,3.7,118.7,31.3,43.5,0.0
1927-03-01,4.6,130.0,32.0,66.1,0.0
1927-04-01,1.5,122.4,17.8,32.1,0.0
1927-05-01,66.1,201.0,349.1,539.4,1.9
1927-06-01,15.5,131.7,114.5,152.7,0.0
1927-07-01,166.4,420.3,1941.3,1890.4,61.2
1927-08-01,181.8,529.6,2190.8,1705.3,46.3
1927-09-01,42.1,164.0,670.3,495.1,0.7
1927-10-01,29.4,226.3,381.2,773.0,0.2
1927-11-01,5.6,119.0,96.5,229.2,0.1
1927-12-01,27.8,139.8,150.0,573.5,0.4
1928-01-01,127.4,215.4,527.9,926.9,2.1
1928-02-01,457.6,816.8,2421.3,5423.7,134.7
1928-03-01,129.4,367.5,978.6,8413.9,41.3
1928-04-01,27.4,120.3,249.5,1305.5,1.5
1928-05-01,65.4,256.1,489.1,3802.1,35.5
1928-06-01,114.3,262.1,913.8,6305.3,123.1
1928-07-01,28.5,179.4,268.2,1491.4,4.5
1928-08-01,9.2,131.8,130.7,786.8,5.6
1928-09-01,64.1,331.7,372.2,1720.6,26.3
1928-10-01,227.8,656.3,1422.6,8291.2,247.3
1928-11-01,27.9,121.2,234.8,971.9,1.7
1928-12-01,8.1,114.8,83.5,256.9,0.0
1929-01-01,7.6,116.6,47.3,185.7,0.2
1929-02-01,13.2,124.3,69.6,307.5,0.7
1929-03-01,14.3,136.9,112.6,403.1,0.3
1929-04-01,233.3,603.7,1367.8,2708.0,10.7
1929-05-01,49.0,186.0,388.8,814.9,0.2
1929-06-01,126.7,426.2,1206.1,2911.3,24.0
1929-07-01,71.3,319.0,983.1,2813.7,8.7
1929-08-01,60.7,676.3,1153.4,3390.6,11.5
1929-09-01,36.5,332.7,464.4,1438.5,4.1
1929-10-01,99.8,351.1,880.7,1656.8,2.7
1929-11-01,38.3,198.9,362.1,1479.9,2.9
1929-12-01,124.8,264.9,681.8,4000.4,17.0
1930-01-01,14.1,106.7,112.6,434.2,0.1
1930-02-01,64.7,167.4,408.9,1204.9,4.1
1930-03-01,7.9,105.2,69.8,210.8,0.0
1930-04-01,21.6,142.4,306.4,761.9,1.9
1930-05-01,30.9,135.6,272.3,772.6,1.4
1930-06-01,18.2,173.3,283.8,2582.4,5.7
1930-07-01,60.9,191.1,724.3,2179.6,15.6
1930-08-01,272.0,430.5,2336.7,6311.6,219.2
1930-09-01,105.6,493.3,2116.4,6622.9,176.6
1930-10-01,244.1,726.1,3718.8,7382.2,229.1
1930-11-01,49.0,203.4,882.6,2082.6,25.0
1930-12-01,328.7,644.8,1409.5,7305.9,67.5
1931-01-01,38.3,106.7,267.3,687.6,0.3
1931-02-01,9.9,92.0,82.8,180.1,0.0
1931-03-01,141.1,283.9,902.2,2315.1,14.2
1931-04-01,85.9,169.4,419.5,1551.5,6.9
1931-05-01,116.1,339.9,1239.9,4275.6,111.8
1931-06-01,244.5,531.2,2407.8,9163.0,1731.9
1931-07-01,220.2,1497.8,5211.6,9372.4,3647.9
1931-08-01,191.3,1533.8,6266.9,6961.7,3560.2
1931-09-01,117.1,657.1,3096.4,2085.4,160.4
1931-10-01,27.6,116.3,711.3,454.8,0.8
1931-11-01,119.3,288.4,1017.1,1876.0,53.7
1931-12-01,14.8,103.1,198.1,309.5,0.3
1932-01-01,3.7,101.9,63.9,74.2,0.0
1932-02-01,35.8,142.8,249.5,619.4,4.4
1932-03-01,345.0,569.7,1466.7,2047.6,33.6
1932-04-01,379.7,2791.0,3336.7,5587.9,154.3
1932-05-01,49.1,114.3,577.9,1021.7,1.0
1932-06-01,265.2,1821.3,2541.5,4210.2,411.7
1932-07-01,121.3,1200.8,2313.8,4160.2,356.4
1932-08-01,286.9,3108.2,5852.4,8565.0,3249.4
1932-09-01,51.5,433.2,2490.2,2079.8,502.5
1932-10-01,137.3,823.8,2876.3,5897.7,864.2
1932-11-01,21.4,188.9,605.3,784.7,2.5
1932-12-01,94.2,285.5,688.4,1314.4,8.2
1933-01-01,18.2,115.4,153.3,253.6,0.0
1933-02-01,3.5,103.5,44.8,60.0,0.0
1933-03-01,6.8,115.6,48.9,87.0,0.0
1933-04-01,14.4,123.1,123.9,285.4,0.6
1933-05-01,134.9,403.3,1034.8,2398.1,25.9
1933-06-01,107.4,326.6,950.8,1489.2,2.2
1933-07-01,75.4,367.8,959.6,2042.4,3.7
1933-08-01,138.0,735.5,2105.4,3039.7,118.8
1933-09-01,324.9,1096.6,2944.7,3515.7,59.0
1933-10-01,65.6,170.7,831.5,960.3,1.4
1933-11-01,159.7,384.2,959.6,2177.6,107.0
1933-12-01,838.7,1527.2,2903.7,18221.4,849.2
1934-01-01,100.4,159.1,560.5,2252.1,6.6
1934-02-01,31.7,116.9,187.7,677.3,1.0
1934-03-01,8.4,111.6,65.5,196.0,0.0
1934-04-01,172.9,519.2,1456.5,6361.7,457.0
1934-05-01,18.9,110.3,216.6,998.9,2.4
1934-06-01,7.6,111.9,90.5,666.9,0.7
1934-07-01,36.0,185.3,215.4,2634.6,39.5
1934-08-01,98.4,486.3,733.4,3594.2,72.2
1934-09-01,72.4,459.7,533.5,3677.5,163.3
1934-10-01,480.7,2001.7,2293.1,12560.6,3491.1
1934-11-01,522.2,2672.6,4646.5,19130.1,9063.3
1934-12-01,82.6,139.8,775.9,2148.8,22.9
1935-01-01,29.6,137.4,315.8,735.6,0.0
1935-02-01,63.1,291.5,581.2,1241.3,0.4
1935-03-01,72.5,185.3,504.5,919.0,1.7
1935-04-01,559.5,1802.7,3836.5,12056.8,238.8
1935-05-01,104.7,361.1,1242.2,3912.7,3.6
1935-06-01,107.4,1344.1,1885.9,7522.5,127.5
1935-07-01,202.4,1066.0,2822.8,4160.4,132.5
1935-08-01,320.5,3069.5,7921.5,7822.6,2313.7
1935-09-01,136.4,424.3,2514.1,1782.1,103.1
1935-10-01,186.7,955.8,2049.4,3106.1,56.0
1935-11-01,45.8,180.2,583.6,791.4,1.2
1935-12-01,15.9,132.8,175.4,192.5,0.0
1936-01-01,9.9,130.2,74.9,132.0,0.0
1936-02-01,1.5,110.8,20.0,25.7,0.0
1936-03-01,7.2,130.0,69.5,431.1,0.8
1936-04-01,31.2,158.4,187.8,512.4,0.2
1936-05-01,55.0,151.1,228.5,463.7,1.2
1936-06-01,92.0,235.7,394.3,923.4,1.6
1936-07-01,467.6,1528.0,3760.1,6365.1,312.8
1936-08-01,249.4,1887.5,3062.9,7873.7,1098.3
1936-09-01,58.8,288.0,850.6,1672.9,11.9
1936-10-01,145.5,404.8,1122.7,2219.8,19.1
1936-11-01,28.6,137.4,275.5,680.3,0.5
1936-12-01,85.3,301.4,484.2,1952.6,13.9
1937-01-01,92.5,176.9,329.0,1092.1,6.3
1937-02-01,17.3,117.0,104.7,461.7,0.1
1937-03-01,10.4,128.0,96.6,645.1,0.2
1937-04-01,4.5,116.6,34.6,209.2,0.0
1937-05-01,47.3,174.8,427.6,1705.4,6.7
1937-06-01,9.3,112.9,104.3,337.2,0.0
1937-07-01,35.2,150.0,353.0,1194.1,0.5
1937-08-01,98.6,297.6,735.9,2382.8,4.2
1937-09-01,89.5,306.3,819.1,2378.5,5.3
1937-10-01,169.6,796.9,1917.4,13659.8,57.7
1937-11-01,20.2,110.0,299.2,1203.1,0.3
1937-12-01,245.1,225.0,1108.6,1805.7,50.9
1938-01-01,51.5,126.5,300.0,740.7,0.7
1938-02-01,27.1,126.5,176.5,536.7,0.5
1938-03-01,6.0,113.4,56.4,187.5,0.0
1938-04-01,107.3,189.4,569.0,836.9,0.4
1938-05-01,17.3,113.8,118.5,250.8,0.0
1938-06-01,288.3,620.6,1792.1,4516.5,34.5
1938-07-01,69.5,167.6,679.7,2343.0,6.1
1938-08-01,28.8,128.6,330.6,790.1,0.2
1938-09-01,19.0,113.6,184.4,570.1,0.2
1938-10-01,3.6,105.5,57.7,179.4,0.0
1938-11-01,5.3,109.0,39.0,175.3,0.0
1938-12-01,1.6,103.4,11.1,40.6,0.0
1939-01-01,0.4,102.4,3.5,9.4,0.0
1939-02-01,107.2,221.9,432.0,857.9,0.7
1939-03-01,12.2,101.0,66.2,141.7,0.0
1939-04-01,488.4,362.6,1633.2,953.6,7.6
1939-05-01,160.8,203.9,1163.4,1003.3,7.7
1939-06-01,283.3,1161.1,3202.4,3442.9,233.5
1939-07-01,87.8,213.3,1748.7,1108.3,9.2
1939-08-01,1740.9,6324.3,18515.9,12806.7,4628.1
1939-09-01,493.0,1472.3,7719.5,7379.6,844.7
1939-10-01,231.5,553.4,3285.4,2387.1,220.7
1939-11-01,913.5,2474.5,5737.7,15590.8,2890.7
1939-12-01,114.5,130.2,1034.2,1505.3,4.1
1940-01-01,52.1,131.1,407.8,637.7,0.8
1940-02-01,10.3,108.4,120.7,176.0,0.0
1940-03-01,3.6,117.5,46.8,56.2,0.0
1940-04-01,46.2,191.8,308.7,655.8,0.8
1940-05-01,17.9,131.3,131.9,305.5,0.1
1940-06-01,21.9,133.1,156.2,273.0,0.1
1940-07-01,96.8,262.4,697.5,871.1,1.4
1940-08-01,27.1,144.0,236.6,339.8,0.2
1940-09-01,85.7,387.3,743.1,1828.2,4.0
1940-10-01,13.1,115.8,137.5,372.8,0.0
1940-11-01,76.3,246.6,461.4,1492.2,5.6
1940-12-01,19.8,121.8,129.0,557.4,0.2
1941-01-01,264.8,283.4,658.6,1455.9,3.4
1941-02-01,28.0,100.1,101.6,276.8,0.0
1941-03-01,112.6,340.2,481.4,1335.6,7.1
1941-04-01,39.1,162.7,268.3,1440.9,5.7
1941-05-01,10.0,112.8,84.5,585.5,0.3
1941-06-01,144.1,218.8,762.8,2973.8,56.8
1941-07-01,158.2,365.2,1235.9,4199.4,133.7
1941-08-01,215.1,680.0,2006.0,8195.1,710.2
1941-09-01,336.0,1273.3,3567.8,10333.9,2808.0
1941-10-01,114.5,237.2,1485.1,2641.9,23.0
1941-11-01,44.9,153.7,551.6,1013.5,7.4
1941-12-01,24.1,117.5,211.3,442.3,0.2
1942-01-01,20.0,110.4,96.6,184.6,0.1
1942-02-01,10.6,100.5,65.3,237.2,0.1
1942-03-01,22.2,122.6,120.0,348.6,0.2
1942-04-01,14.3,111.0,86.8,338.2,0.4
1942-05-01,474.1,1019.5,2602.3,3742.2,63.6
1942-06-01,142.7,258.3,894.1,1222.5,1.6
1942-07-01,140.2,744.2,1709.2,4429.6,518.5
1942-08-01,339.2,775.4,3564.7,5711.9,1807.5
1942-09-01,488.6,1736.5,5480.0,7317.0,3643.5
1942-10-01,163.8,234.8,1511.8,1315.6,13.4
1942-11-01,158.3,635.0,1281.8,1875.8,7.4
1942-12-01,24.7,111.0,291.5,650.1,0.1
1943-01-01,22.9,120.9,148.5,368.4,0.3
1943-02-01,20.4,112.2,96.2,183.7,0.1
1943-03-01,3.2,104.1,24.0,46.0,0.0
1943-04-01,55.1,226.8,366.4,927.3,3.0
1943-05-01,25.4,117.5,156.7,332.0,0.1
1943-06-01,102.1,371.7,855.9,2062.1,14.6
1943-07-01,165.1,428.8,1688.5,3019.3,43.8
1943-08-01,108.7,484.9,1295.0,2445.6,46.5
1943-09-01,189.9,1310.3,3266.9,9075.0,518.1
1943-10-01,70.9,208.3,1101.9,1548.9,12.4
1943-11-01,28.9,142.8,395.4,629.3,0.5
1943-12-01,6.0,103.4,115.4,166.8,0.0
1944-01-01,5.4,103.7,75.6,172.3,0.0
1944-02-01,1.7,91.7,20.9,37.0,0.0
1944-03-01,12.5,104.9,33.9,39.5,0.0
1944-04-01,49.5,200.6,354.1,439.1,1.0
1944-05-01,350.8,1186.6,3079.2,3057.6,59.0
1944-06-01,46.8,167.7,605.7,590.8,0.7
1944-07-01,118.7,552.6,1202.5,418.3,0.9
1944-08-01,19.7,155.4,302.5,208.6,0.0
1944-09-01,15.2,126.7,200.1,192.2,0.3
1944-10-01,57.1,322.0,559.6,740.3,3.0
1944-11-01,18.0,116.8,155.5,302.0,0.1
1944-12-01,45.8,176.1,256.7,620.4,0.3
1945-01-01,17.0,102.3,72.9,191.2,0.0
1945-02-01,16.4,99.2,92.7,255.5,0.1
1945-03-01,2.4,94.6,18.4,47.5,0.0
1945-04-01,2.4,94.1,23.9,40.1,0.0
1945-05-01,32.1,226.6,320.0,771.5,1.8
1945-06-01,32.7,137.7,191.0,324.6,0.7
1945-07-01,75.1,242.5,753.2,1272.5,15.1
1945-08-01,144.9,410.8,964.7,881.9,15.5
1945-09-01,51.2,401.6,680.6,667.9,1.8
1945-10-01,71.4,362.8,630.5,1254.1,2.6
1945-11-01,56.0,273.1,618.6,1599.6,17.9
1945-12-01,8.3,92.1,120.5,308.3,0.1
1946-01-01,194.8,261.5,851.7,1759.2,32.5
1946-02-01,164.4,297.2,956.4,2584.0,42.5
1946-03-01,174.7,407.3,1299.0,4163.7,117.6
1946-04-01,83.9,370.0,627.3,3127.7,9.2
1946-05-01,30.2,203.9,305.6,4428.0,3.4
1946-06-01,80.8,1373.5,1181.6,10248.7,905.4
1946-07-01,262.9,4175.0,4947.3,11457.6,2977.8
1946-08-01,170.5,2916.6,4093.4,8012.2,2316.9
1946-09-01,126.5,2135.9,3335.3,6854.4,248.8
1946-10-01,84.1,813.6,1711.8,2495.1,44.2
1946-11-01,43.4,164.1,503.5,740.2,1.5
1946-12-01,52.2,146.5,475.3,2545.4,34.2
1947-01-01,6.7,108.0,96.3,412.3,0.2
1947-02-01,102.9,116.1,252.4,932.9,2.7
1947-03-01,334.3,394.5,1291.0,3045.6,58.3
1947-04-01,51.5,163.8,354.2,1464.1,2.7
1947-05-01,14.5,107.5,96.2,370.9,0.0
1947-06-01,186.2,490.1,1128.3,5739.9,143.5
1947-07-01,318.2,1284.1,3254.1,12722.8,1754.1
1947-08-01,98.4,841.1,1574.1,5306.7,964.1
1947-09-01,96.2,593.8,1263.2,2952.2,454.2
1947-10-01,649.6,2389.5,4460.2,9213.8,2169.7
1947-11-01,156.9,498.9,1420.2,2203.3,40.9
1947-12-01,284.6,911.0,1312.2,6488.7,37.7
1948-01-01,45.0,124.0,313.2,676.4,0.3
1948-02-01,11.9,102.8,92.2,225.1,0.0
1948-03-01,3.9,110.8,36.1,60.5,0.0
1948-04-01,92.1,216.1,741.7,1347.9,9.2
1948-05-01,222.1,631.4,2738.3,6297.0,251.3
1948-06-01,105.3,568.8,1980.8,6153.7,54.7
1948-07-01,114.4,563.3,2501.0,4504.0,69.9
1948-08-01,41.4,355.6,1313.1,1852.8,35.4
1948-09-01,107.1,670.3,1843.5,1467.4,21.6
1948-10-01,540.0,2567.6,6503.7,11501.5,1210.8
1948-11-01,96.2,201.5,1299.2,1322.6,7.5
1948-12-01,34.9,127.8,466.9,468.0,2.4
1949-01-01,7.8,113.5,146.5,144.9,0.1
1949-02-01,168.4,283.2,784.1,2153.7,24.3
1949-03-01,409.6,656.7,1514.4,5025.4,53.2
1949-04-01,47.1,111.9,251.1,854.0,0.3
1949-05-01,42.0,227.5,341.0,2578.9,8.8
1949-06-01,63.9,288.6,381.6,3121.9,3.2
1949-07-01,85.2,468.1,654.4,5437.0,14.1
1949-08-01,28.6,284.2,372.3,2977.1,10.7
1949-09-01,76.4,348.8,544.3,2547.1,16.2
1949-10-01,632.4,2263.5,4001.1,17207.1,5167.4
1949-11-01,390.9,1890.2,4358.8,15247.3,3474.2
1949-12-01,56.6,122.5,785.8,1733.6,6.5
1950-01-01,15.4,116.9,258.4,461.8,0.0
1950-02-01,132.0,302.8,502.9,1422.9,5.4
1950-03-01,63.9,216.4,331.3,2285.9,4.0
1950-04-01,114.9,311.7,731.4,4107.9,43.8
1950-05-01,127.2,195.7,680.1,5799.5,30.8
1950-06-01,29.8,141.2,247.5,3366.9,5.7
1950-07-01,80.6,215.9,563.2,4624.1,7.4
1950-08-01,77.8,253.0,692.2,3506.8,40.9
1950-09-01,639.5,2846.8,6231.4,15474.7,3319.9
1950-10-01,238.0,507.1,1941.0,2664.0,40.8
1950-11-01,93.2,199.2,797.0,1050.7,8.3
1950-12-01,36.5,141.7,304.3,496.4,0.2
1951-01-01,11.1,118.5,98.7,189.8,0.0
1951-02-01,268.8,726.6,1577.0,5597.3,27.1
1951-03-01,30.2,112.2,243.5,908.6,0.2
1951-04-01,387.3,816.6,2776.7,5270.3,138.4
1951-05-01,368.0,1048.0,2866.4,9115.9,337.8
1951-06-01,101.7,1135.7,2183.3,11259.6,1985.1
1951-07-01,394.2,3167.4,7219.2,9670.8,4569.7
1951-08-01,830.9,7348.5,17528.1,20601.5,11774.5
1951-09-01,123.4,382.5,3710.9,3795.8,126.9
1951-10-01,388.2,1067.3,3643.0,5673.7,231.0
1951-11-01,80.5,181.2,922.7,1060.4,4.5
1951-12-01,53.8,172.4,388.6,531.6,0.8
1952-01-01,13.1,138.1,127.8,197.4,0.2
1952-02-01,23.7,133.9,113.9,312.4,0.5
1952-03-01,7.4,135.2,43.3,124.6,0.0
1952-04-01,116.2,380.9,1087.9,2041.2,43.6
1952-05-01,350.0,946.9,2719.5,5617.5,248.6
1952-06-01,1354.8,9181.8,19622.6,31921.4,11717.3
1952-07-01,310.3,3061.5,9488.9,10898.9,3166.5
1952-08-01,427.5,3641.4,10324.7,10098.1,4210.4
1952-09-01,284.2,1662.1,5923.6,7123.5,2606.1
1952-10-01,1415.8,4340.9,13151.3,13796.9,5699.8
1952-11-01,1339.6,2386.2,9675.7,15203.9,5786.9
1952-12-01,273.2,372.4,2256.1,2998.4,37.5
1953-01-01,59.5,178.1,671.5,658.5,0.2
1953-02-01,16.6,167.7,221.4,186.7,0.0
1953-03-01,5.3,172.3,81.6,49.1,0.0
1953-04-01,25.4,205.1,186.5,281.4,0.4
1953-05-01,114.9,329.1,572.9,686.9,0.7
1953-06-01,171.6,377.3,986.6,905.8,2.6
1953-07-01,205.8,663.0,2181.7,2339.2,65.1
1953-08-01,529.1,3305.5,7602.0,7214.8,213.6
1953-09-01,754.8,3251.0,8864.8,12408.3,2376.6
1953-10-01,300.5,997.8,3703.8,4689.3,122.9
1953-11-01,663.0,1415.7,4899.8,7850.0,147.9
1953-12-01,112.4,216.6,976.7,865.9,0.9
1954-01-01,38.8,202.5,355.0,490.4,0.0
1954-02-01,37.1,283.1,270.4,685.3,0.0
1954-03-01,8.7,178.4,77.8,161.6,0.0
1954-04-01,75.6,269.3,481.0,1529.2,28.1
1954-05-01,20.1,196.1,216.3,553.8,0.7
1954-06-01,120.6,465.2,923.5,2120.8,9.0
1954-07-01,47.3,231.5,502.2,1512.9,8.0
1954-08-01,115.8,498.9,929.4,2642.4,30.4
1954-09-01,105.7,529.1,1005.0,1905.6,6.5
1954-10-01,135.7,551.3,1308.1,6328.8,52.0
1954-11-01,407.9,1610.3,2862.2,14503.3,465.9
1954-12-01,227.2,391.4,1034.8,2187.3,16.2
1955-01-01,32.6,169.8,235.6,500.8,0.1
1955-02-01,134.0,344.0,834.7,1530.1,40.6
1955-03-01,25.2,403.8,674.8,4124.0,7.4
1955-04-01,27.7,198.0,230.8,1521.6,5.9
1955-05-01,84.9,399.2,623.9,7815.6,117.3
1955-06-01,127.3,904.5,1190.7,11342.8,3188.4
1955-07-01,138.2,1174.5,1769.2,8014.3,3879.5
1955-08-01,1479.1,7734.2,14084.0,17796.4,9065.8
1955-09-01,364.3,1057.4,4718.3,7751.8,1708.0
1955-10-01,253.5,792.0,3277.2,5912.2,347.1
1955-11-01,92.9,274.0,1010.1,1322.4,23.5
1955-12-01,159.9,538.1,1244.0,2044.2,14.4
1956-01-01,47.4,193.8,299.9,700.6,0.5
1956-02-01,7.7,161.9,81.0,130.1,0.0
1956-03-01,27.6,207.0,242.3,444.4,0.8
1956-04-01,149.4,343.3,897.0,1700.7,34.2
1956-05-01,854.6,1818.3,4597.4,7514.7,115.4
1956-06-01,441.3,1011.0,4060.4,6776.4,552.7
1956-07-01,601.8,2553.4,9414.8,9606.3,4080.6
1956-08-01,572.6,3719.0,11935.5,10010.5,3379.3
1956-09-01,1588.9,5357.0,13374.1,11715.3,1787.5
1956-10-01,1164.7,2622.1,8629.1,8282.4,971.0
1956-11-01,323.3,509.1,2691.8,1936.5,32.2
1956-12-01,95.4,228.4,827.8,783.8,1.1
1957-01-01,19.6,197.9,251.6,153.8,0.0
1957-02-01,32.6,180.1,104.6,46.8,0.0
1957-03-01,46.3,210.6,154.9,130.6,0.1
1957-04-01,25.2,199.3,105.9,273.7,1.9
1957-05-01,39.0,228.0,247.2,665.3,8.3
1957-06-01,30.7,208.3,207.4,636.5,4.5
1957-07-01,48.5,384.1,469.7,1092.5,0.8
1957-08-01,63.9,357.7,675.2,1573.7,24.4
1957-09-01,178.9,648.2,1439.8,1767.2,40.2
1957-10-01,240.3,897.2,2262.8,5420.2,66.4
1957-11-01,83.6,285.6,740.2,1197.1,1.7
1957-12-01,30.2,198.7,271.5,893.9,18.4
1958-01-01,7.2,183.3,75.2,169.7,0.1
1958-02-01,32.9,180.4,121.1,225.2,0.0
1958-03-01,5.2,181.0,30.3,60.2,0.0
1958-04-01,3.1,174.3,21.1,47.0,0.0
1958-05-01,303.9,707.5,2174.7,2317.0,24.0
1958-06-01,34.0,180.0,342.1,457.1,0.2
1958-07-01,130.7,455.6,1559.1,1717.9,18.6
1958-08-01,691.5,1647.9,6189.6,4600.5,272.6
1958-09-01,231.7,823.1,3695.4,3727.6,21.2
1958-10-01,425.7,2162.1,6055.4,10927.6,183.5
1958-11-01,120.1,360.5,1868.4,1879.0,10.1
1958-12-01,35.3,212.2,600.0,1071.2,0.1
1959-01-01,8.6,177.1,175.1,206.0,0.0
1959-02-01,53.8,180.5,213.0,439.9,1.7
1959-03-01,88.7,276.3,570.4,1563.9,10.4
1959-04-01,11.6,167.9,92.5,303.0,0.2
1959-05-01,4.2,171.9,36.0,88.2,0.0
1959-06-01,46.0,211.4,260.7,661.5,2.3
1959-07-01,49.0,232.0,404.0,722.6,2.3
1959-08-01,153.1,491.2,1378.1,2821.2,87.0
1959-09-01,126.9,586.6,1368.1,3252.2,64.7
1959-10-01,174.3,836.7,1567.3,6283.4,168.9
1959-11-01,22.6,164.0,282.8,851.8,2.5
1959-12-01,186.0,505.7,1106.9,3525.2,192.8
1960-01-01,26.1,165.7,184.0,548.3,1.0
1960-02-01,60.1,183.4,261.3,759.3,15.6
1960-03-01,10.4,162.7,61.1,160.1,0.1
1960-04-01,450.8,920.8,2996.6,6213.9,370.8
1960-05-01,1341.9,3102.3,8277.0,10342.5,1125.0
1960-06-01,282.1,1383.3,3918.7,6592.4,1052.4
1960-07-01,913.7,6438.1,17831.1,15627.0,8541.7
1960-08-01,438.6,3899.0,10292.9,8522.2,3592.3
1960-09-01,2746.8,6162.7,17803.8,12833.8,3016.3
1960-10-01,396.9,308.9,3499.3,1844.4,12.0
1960-11-01,1189.5,1377.3,4595.8,5614.8,328.1
1960-12-01,159.7,206.0,907.4,849.5,1.7
1961-01-01,40.3,196.8,292.7,196.7,0.0
1961-02-01,16.1,182.4,120.5,146.8,0.0
1961-03-01,62.6,275.9,451.3,1095.5,0.4
1961-04-01,180.0,439.5,942.3,1338.5,2.8
1961-05-01,34.9,236.4,310.1,766.9,0.3
1961-06-01,114.1,387.8,593.0,2103.7,9.7
1961-07-01,192.3,1071.0,2144.0,3422.2,19.5
1961-08-01,169.7,1510.4,2326.6,5371.5,15.4
1961-09-01,44.3,309.2,686.0,1187.8,1.4
1961-10-01,105.5,341.9,750.7,1164.3,1.6
1961-11-01,29.2,188.2,189.9,387.1,0.5
1961-12-01,15.0,190.5,89.5,189.3,0.2
1962-01-01,34.6,192.0,45.3,80.5,0.0
1962-02-01,8.2,170.6,44.0,119.3,0.1
1962-03-01,22.5,187.2,35.9,129.1,0.2
1962-04-01,5.5,184.0,44.3,168.5,0.0
1962-05-01,154.0,418.3,969.8,1191.1,8.9
1962-06-01,356.5,860.2,2472.8,1657.4,32.4
1962-07-01,100.3,455.9,1373.5,1181.5,13.5
1962-08-01,139.7,1225.3,2375.3,1918.4,52.2
1962-09-01,314.3,2683.0,6320.7,6925.8,317.9
1962-10-01,339.4,1373.0,4303.2,8697.2,1086.3
1962-11-01,59.7,194.1,853.4,907.6,2.9
1962-12-01,20.8,193.4,341.6,429.4,0.9
1963-01-01,1144.5,1418.3,4201.8,5422.8,136.2
1963-02-01,161.5,230.4,732.9,1522.9,1.0
1963-03-01,52.7,199.9,318.8,656.6,0.2
1963-04-01,14.3,182.7,118.2,414.9,0.0
1963-05-01,456.6,1110.8,3021.1,10489.0,544.6
1963-06-01,83.5,333.1,841.9,6659.4,100.8
1963-07-01,429.6,2573.3,5161.3,9535.9,1030.5
1963-08-01,195.8,1636.8,3466.5,4712.2,840.3
1963-09-01,350.7,2955.7,6552.3,10410.5,3764.6
1963-10-01,90.7,246.1,1298.3,1434.3,11.9
1963-11-01,18.3,185.1,395.2,341.5,0.0
1963-12-01,6.3,186.5,141.2,130.8,0.0
1964-01-01,2.3,183.4,49.3,37.6,0.0
1964-02-01,103.7,463.6,1304.3,2107.4,31.4
1964-03-01,15.2,184.9,229.0,450.2,0.4
1964-04-01,178.7,669.1,1817.7,3329.1,229.6
1964-05-01,59.1,400.5,886.7,2360.3,66.5
1964-06-01,77.6,532.4,1061.9,3085.3,480.4
1964-07-01,705.5,4989.5,10519.5,16255.4,9228.5
1964-08-01,495.5,4176.8,10484.5,11787.0,4413.6
1964-09-01,937.6,3794.7,11464.3,12681.6,4482.4
1964-10-01,751.1,2624.3,8113.7,9874.8,3884.9
1964-11-01,397.6,927.6,3719.5,4398.9,100.1
1964-12-01,272.2,1033.2,2307.9,6620.6,50.4
1965-01-01,38.3,204.9,489.9,641.2,0.3
1965-02-01,9.6,184.9,151.9,144.9,0.0
1965-03-01,5.1,203.4,72.3,86.7,0.0
1965-04-01,134.1,432.5,767.5,1771.7,6.5
1965-05-01,74.0,291.8,531.3,1577.3,9.5
1965-06-01,55.6,267.9,398.0,1171.2,3.5
1965-07-01,286.9,1235.3,3066.2,5707.6,95.4
1965-08-01,618.2,3552.9,7699.2,13983.2,428.9
1965-09-01,168.9,583.8,1967.9,2566.2,6.9
1965-10-01,37.5,219.4,581.6,619.6,0.0
1965-11-01,222.5,733.2,1640.0,2229.8,16.5
1965-12-01,46.5,219.6,380.2,883.0,0.3
1966-01-01,17.0,208.3,134.6,334.6,0.0
1966-02-01,84.8,271.2,336.1,799.3,0.2
1966-03-01,104.2,309.9,579.4,1589.2,7.7
1966-04-01,29.0,240.7,262.8,1259.0,1.1
1966-05-01,30.0,247.7,232.4,1039.0,0.1
1966-06-01,10.7,196.3,108.7,1107.0,0.5
1966-07-01,184.2,713.9,1230.2,6109.4,25.9
1966-08-01,584.7,2980.8,6018.1,12887.7,629.9
1966-09-01,222.7,811.7,2456.9,3077.2,69.0
1966-10-01,293.9,1415.8,2967.7,7094.7,51.2
1966-11-01,88.2,358.9,988.0,1694.7,1.4
1966-12-01,122.5,453.2,923.1,2504.1,123.4
1967-01-01,17.2,193.6,188.7,465.5,0.7
1967-02-01,4.1,173.5,57.1,99.9,0.0
1967-03-01,3.0,191.5,37.4,62.5,0.0
1967-04-01,2.5,182.5,23.6,55.3,0.0
1967-05-01,11.5,193.6,83.4,89.0,0.0
1967-06-01,3.0,179.7,21.2,44.4,0.0
1967-07-01,27.4,201.8,141.8,129.0,0.0
1967-08-01,121.3,362.3,836.4,1273.9,8.5
1967-09-01,48.2,247.3,430.5,607.1,0.4
1967-10-01,8.7,179.5,92.2,122.3,0.0
1967-11-01,4.9,175.8,48.4,78.4,0.0
1967-12-01,16.8,185.5,93.1,360.8,0.6
1968-01-01,9.4,176.6,29.2,147.2,0.0
1968-02-01,1.3,157.6,7.3,28.0,0.0
1968-03-01,54.4,176.3,72.9,93.7,0.0
1968-04-01,405.5,705.1,2548.1,1419.2,39.3
1968-05-01,655.6,1386.2,4713.5,3938.6,262.6
1968-06-01,284.5,1962.4,5503.1,4468.2,550.9
1968-07-01,335.4,2504.8,8161.3,3825.3,1045.7
1968-08-01,596.2,3405.0,10464.9,7982.3,4157.1
1968-09-01,111.9,465.9,2708.1,1773.1,29.1
1968-10-01,681.6,2112.0,6298.7,7613.7,372.4
1968-11-01,366.1,746.6,2870.7,3813.7,142.4
1968-12-01,83.2,227.5,722.0,775.4,0.9
1969-01-01,25.1,191.1,250.8,274.5,0.1
1969-02-01,78.1,237.8,414.3,1952.8,7.6
1969-03-01,26.4,189.7,121.7,381.6,0.1
1969-04-01,13.1,184.9,102.3,388.8,0.7
1969-05-01,139.4,438.4,879.0,2391.4,16.1
1969-06-01,17.2,175.2,158.5,600.9,0.4
1969-07-01,148.0,445.5,926.4,2639.2,29.4
1969-08-01,157.2,655.5,1853.2,5770.3,242.9
1969-09-01,338.6,1624.9,3600.5,8947.0,374.9
1969-10-01,44.1,189.7,641.3,1100.4,2.5
1969-11-01,140.1,556.3,1416.1,2327.4,16.5
1969-12-01,49.0,251.8,457.8,1092.2,1.8
1970-01-01,319.9,775.6,1547.7,12902.7,76.7
1970-02-01,33.3,157.6,229.5,1117.7,0.4
1970-03-01,466.7,1593.8,2685.2,7887.0,17.0
1970-04-01,194.4,645.0,1450.2,7561.6,48.2
1970-05-01,148.7,925.2,1153.6,9076.6,85.2
1970-06-01,114.6,689.4,1045.5,5823.6,92.9
1970-07-01,100.7,2364.7,2437.1,7138.0,550.5
1970-08-01,404.4,4313.4,7038.8,12714.5,6151.6
1970-09-01,168.3,2120.4,5008.5,13040.8,2141.7
1970-10-01,68.9,328.6,1388.4,2373.2,34.1
1970-11-01,214.5,1156.3,3048.3,11554.7,963.3
1970-12-01,107.3,547.6,1165.9,11013.9,69.4
1971-01-01,147.9,901.7,1061.1,6087.3,7.6
1971-02-01,136.6,444.6,834.4,6447.3,5.2
1971-03-01,21.9,189.3,181.7,751.6,0.1
1971-04-01,174.1,354.9,689.3,2629.5,36.7
1971-05-01,318.7,986.6,1724.0,10381.9,391.4
1971-06-01,221.8,903.5,1741.6,8053.8,1631.0
1971-07-01,76.5,362.4,720.6,2369.2,698.1
1971-08-01,113.1,910.4,1336.6,3562.4,251.9
1971-09-01,180.2,1180.6,2415.7,5443.1,1451.4
1971-10-01,672.7,2576.0,5624.0,11418.5,2958.2
1971-11-01,820.1,2913.4,6320.1,13606.7,1169.1
1971-12-01,255.6,722.9,2319.7,9435.5,1381.5
1972-01-01,75.4,269.1,699.4,2000.6,15.4
1972-02-01,255.3,597.5,985.1,5194.9,209.0
1972-03-01,40.5,247.8,256.0,1779.3,33.4
1972-04-01,161.1,317.2,616.2,5084.2,227.8
1972-05-01,30.6,205.5,178.0,1400.4,18.9
1972-06-01,12.4,194.1,100.5,1536.8,79.6
1972-07-01,77.2,356.1,419.8,5678.9,1727.0
1972-08-01,134.3,506.0,777.0,4014.3,1252.7
1972-09-01,19.8,188.6,155.6,807.5,9.1
1972-10-01,88.0,309.4,401.6,996.9,4.3
1972-11-01,34.0,182.5,132.9,362.0,0.9
1972-12-01,5.3,177.1,32.4,72.6,0.0
1973-01-01,25.0,182.9,78.4,159.5,0.7
1973-02-01,2078.1,3007.8,8936.9,13011.3,468.2
1973-03-01,263.8,240.8,1568.6,3032.2,7.4
1973-04-01,118.1,210.3,610.0,1121.6,1.9
1973-05-01,280.0,728.2,1858.2,7735.0,456.1
1973-06-01,160.8,732.3,1244.8,7401.7,1793.3
1973-07-01,94.4,477.2,1032.2,3445.8,516.1
1973-08-01,326.4,2305.2,3731.4,8372.2,2683.9
1973-09-01,277.2,1247.2,2648.7,5126.3,264.4
1973-10-01,461.7,818.9,2744.7,3416.6,191.7
1973-11-01,202.4,765.0,1929.7,7522.5,73.6
1973-12-01,97.5,253.8,538.1,1123.5,1.0
1974-01-01,109.4,229.9,445.6,1205.1,16.3
1974-02-01,23.7,163.5,107.3,251.4,0.1
1974-03-01,12.0,180.5,55.9,233.0,11.7
1974-04-01,227.9,883.2,2418.7,6862.9,658.3
1974-05-01,647.5,1438.4,4523.2,9709.7,2463.0
1974-06-01,84.3,340.7,1071.6,3609.4,99.7
1974-07-01,549.7,3767.8,9971.8,14353.5,6960.1
1974-08-01,457.4,4953.7,12467.1,16312.2,5983.4
1974-09-01,818.1,4072.1,12521.3,9056.7,2177.9
1974-10-01,686.0,1480.5,7107.2,7070.7,1416.8
1974-11-01,132.4,366.7,1721.4,1487.8,2.6
1974-12-01,58.8,226.5,614.6,612.9,0.4
1975-01-01,23.7,202.2,233.0,219.4,0.0
1975-02-01,4.0,176.9,64.4,42.4,0.0
1975-03-01,135.9,390.2,851.7,1549.4,6.6
1975-04-01,16.9,188.7,142.6,326.1,0.0
1975-05-01,83.5,290.4,490.3,991.6,1.2
1975-06-01,25.0,214.5,189.9,769.2,0.4
1975-07-01,94.7,317.6,801.7,2293.7,30.6
1975-08-01,403.4,1236.4,3328.7,9139.9,265.8
1975-09-01,569.1,1596.1,4516.9,9899.1,623.9
1975-10-01,2692.2,5586.4,16331.1,20665.9,8453.9
1975-11-01,373.4,396.9,3220.2,2985.9,34.1
1975-12-01,95.8,200.6,977.9,765.7,0.1
1976-01-01,25.2,196.1,318.4,180.5,0.0
1976-02-01,20.4,179.1,127.5,79.5,0.0
1976-03-01,11.9,200.5,121.0,328.1,0.4
1976-04-01,3.7,186.3,36.3,73.6,0.0
1976-05-01,6.5,191.5,32.8,56.5,0.0
1976-06-01,97.5,341.1,623.9,900.1,2.4
1976-07-01,22.4,195.9,179.1,251.1,0.0
1976-08-01,147.0,434.2,1085.5,2004.2,21.4
1976-09-01,311.0,1053.9,2813.7,5694.3,176.0
1976-10-01,435.6,2014.5,4646.8,13443.8,78.1
1976-11-01,166.5,479.0,1640.0,3771.4,6.9
1976-12-01,115.4,356.6,905.0,3275.9,6.1
1977-01-01,22.6,189.3,218.9,569.0,0.4
1977-02-01,12.9,179.7,90.1,859.1,0.3
1977-03-01,15.8,187.9,78.1,303.4,0.1
1977-04-01,25.8,198.9,105.9,400.1,0.0
1977-05-01,379.1,744.0,2097.8,8027.1,212.8
1977-06-01,1459.7,3792.8,11016.7,19214.1,2628.2
1977-07-01,383.8,2359.1,6844.1,14405.7,4295.7
1977-08-01,122.1,623.5,2417.6,3129.0,113.8
1977-09-01,85.9,514.0,1335.2,2035.6,23.3
1977-10-01,31.5,209.2,410.6,573.8,2.3
1977-11-01,24.6,201.6,227.0,521.3,2.7
1977-12-01,6.7,186.9,68.0,150.1,0.0
1978-01-01,23.1,199.3,78.0,157.9,0.0
1978-02-01,7.0,169.8,35.4,115.0,0.0
1978-03-01,10.6,192.8,68.0,330.2,0.0
1978-04-01,61.5,226.7,298.8,983.2,2.6
1978-05-01,161.3,424.8,907.0,2660.0,16.1
1978-06-01,71.4,962.6,1464.7,12200.5,212.9
1978-07-01,324.1,3351.1,6749.4,17804.6,3926.0
1978-08-01,376.9,4122.6,9015.9,14649.1,5052.9
1978-09-01,311.1,2833.6,8039.7,11249.7,3245.9
1978-10-01,213.9,710.2,2487.7,2271.3,63.5
1978-11-01,681.0,3249.7,6370.7,20448.2,8660.7
1978-12-01,349.9,901.4,3795.5,17600.1,5031.7
1979-01-01,238.3,422.6,1468.7,2246.4,8.3
1979-02-01,48.3,195.9,392.8,719.4,0.1
1979-03-01,14.6,204.0,169.2,301.3,0.0
1979-04-01,24.1,202.6,130.4,354.8,0.7
1979-05-01,150.8,327.1,602.3,1559.6,28.2
1979-06-01,27.2,209.0,190.6,1363.5,9.8
1979-07-01,29.8,220.3,237.2,976.3,1.9
1979-08-01,165.3,605.0,1179.3,7175.4,475.7
1979-09-01,278.9,940.3,1849.9,9354.4,1078.1
1979-10-01,429.7,1049.9,2969.9,9401.5,966.8
1979-11-01,62.7,199.6,595.5,1226.1,9.9
1979-12-01,16.2,188.1,185.2,336.3,0.1
1980-01-01,16.0,200.2,106.7,423.7,0.2
1980-02-01,2.3,168.0,25.3,70.0,0.0
1980-03-01,1.3,183.1,12.5,39.6,0.0
1980-04-01,50.4,194.3,190.5,330.5,3.4
1980-05-01,74.5,237.4,316.4,473.5,2.1
1980-06-01,124.7,333.2,806.5,939.9,3.0
1980-07-01,123.6,335.9,990.4,1382.8,11.9
1980-08-01,189.3,463.7,1440.2,1833.7,53.5
1980-09-01,106.5,469.3,1157.8,2051.6,43.8
1980-10-01,447.5,879.3,3087.4,8601.6,400.7
1980-11-01,77.3,203.8,631.5,1186.2,3.2
1980-12-01,36.9,199.6,288.9,1026.7,1.0
1981-01-01,26.7,216.8,204.2,1930.1,0.3
1981-02-01,4.9,159.4,51.3,467.2,0.0
1981-03-01,15.3,177.6,62.2,566.1,0.1
1981-04-01,3.7,163.7,23.5,131.0,0.0
1981-05-01,108.7,293.2,595.6,2335.2,19.5
1981-06-01,345.6,694.2,2388.3,5868.0,46.1
1981-07-01,409.6,1322.7,4312.0,10132.6,213.5
1981-08-01,1197.2,5576.6,14135.6,16683.5,3718.7
1981-09-01,165.4,256.6,2521.8,2580.1,19.9
1981-10-01,414.5,1635.9,4585.1,9422.8,302.5
1981-11-01,246.8,410.4,1712.0,2370.1,81.6
1981-12-01,38.2,180.8,419.5,554.6,0.5
1982-01-01,32.3,186.5,181.4,297.1,0.1
1982-02-01,4.7,158.7,48.5,54.4,0.0
1982-03-01,44.8,226.0,263.3,345.7,0.3
1982-04-01,16.1,178.0,90.8,182.6,0.1
1982-05-01,41.6,231.3,332.1,939.8,1.0
1982-06-01,47.6,191.5,187.5,381.8,0.6
1982-07-01,17.9,179.3,125.2,200.3,0.0
1982-08-01,4.8,168.2,39.4,98.0,0.0
1982-09-01,38.2,245.9,326.6,1044.7,1.7
1982-10-01,16.8,173.1,97.9,363.5,0.0
1982-11-01,4.9,157.6,28.5,87.3,0.0
1982-12-01,27.2,189.3,113.5,354.1,0.0
1983-01-01,3.6,159.6,20.7,83.0,0.0
1983-02-01,0.8,144.1,6.0,19.3,0.0
1983-03-01,161.0,293.1,656.4,1018.7,2.0
1983-04-01,52.2,186.7,283.1,514.9,0.3
1983-05-01,349.8,769.9,2522.7,3513.3,147.5
1983-06-01,140.0,624.9,1754.6,3167.1,182.1
1983-07-01,318.3,2555.6,5568.3,9301.8,578.3
1983-08-01,336.5,2136.2,6883.8,9712.0,3100.5
1983-09-01,301.7,2148.8,6872.3,12625.8,6143.0
1983-10-01,332.7,1886.0,4932.2,13785.4,2006.9
1983-11-01,417.6,1159.4,3047.3,7215.0,48.8
1983-12-01,52.2,169.6,630.4,838.0,0.2
1984-01-01,56.7,191.3,291.6,730.5,1.2
1984-02-01,8.1,151.1,77.1,134.1,0.0
1984-03-01,172.8,287.0,591.5,1055.9,9.0
1984-04-01,52.1,197.4,310.5,875.6,3.3
1984-05-01,11.6,166.6,92.4,373.1,0.1
1984-06-01,8.1,161.6,49.2,287.4,0.0
1984-07-01,31.4,195.2,227.9,1257.0,10.2
1984-08-01,265.7,555.2,1506.6,4602.6,167.2
1984-09-01,477.7,1871.7,4597.5,15081.3,1148.7
1984-10-01,89.4,288.2,1063.0,2233.8,7.8
1984-11-01,62.4,200.8,455.3,692.8,0.7
1984-12-01,17.6,165.9,153.2,396.4,0.6
1985-01-01,5.0,158.3,50.3,118.7,0.0
1985-02-01,1.1,141.6,15.0,26.3,0.0
1985-03-01,9.7,180.6,98.7,485.3,0.4
1985-04-01,32.8,217.5,464.2,1252.2,59.4
1985-05-01,28.2,175.1,186.6,625.6,2.5
1985-06-01,66.1,289.3,554.3,1951.8,48.1
1985-07-01,103.3,629.5,1341.9,3758.1,445.9
1985-08-01,270.6,1168.8,2106.5,6794.7,1573.9
1985-09-01,92.8,532.0,1067.1,2702.1,14.4
1985-10-01,220.0,707.6,1424.5,5676.4,44.5
1985-11-01,89.5,244.6,554.5,2640.0,23.9
1985-12-01,611.4,1843.4,3266.3,23945.8,2994.1
1986-01-01,69.4,155.6,506.6,2200.0,6.5
1986-02-01,18.1,140.1,161.1,585.4,0.0
1986-03-01,5.6,149.5,61.0,158.8,0.0
1986-04-01,122.0,214.5,451.5,886.3,13.1
1986-05-01,153.4,435.2,1054.6,2428.6,64.2
1986-06-01,68.7,324.8,766.7,1622.4,53.0
1986-07-01,331.5,1179.9,3143.4,4959.9,1342.1
1986-08-01,107.1,619.8,1605.2,3350.3,393.4
1986-09-01,118.8,754.5,1901.7,5459.1,796.1
1986-10-01,660.7,2351.8,5280.5,12877.7,7872.3
1986-11-01,77.2,160.6,844.6,1326.3,22.9
1986-12-01,291.1,411.5,1078.6,3328.6,82.7
1987-01-01,123.4,214.9,573.5,1635.4,15.5
1987-02-01,44.2,170.1,257.1,1161.0,8.3
1987-03-01,32.2,190.6,178.7,1135.9,5.9
1987-04-01,12.0,145.2,62.1,371.2,0.3
1987-05-01,276.0,667.6,1473.7,8525.2,311.3
1987-06-01,160.5,333.0,878.1,7051.1,455.7
1987-07-01,76.8,346.2,582.9,4722.9,1783.1
1987-08-01,62.9,448.9,898.0,6457.7,942.2
1987-09-01,64.0,358.3,678.5,3125.1,143.5
1987-10-01,59.9,227.8,425.9,1675.0,149.0
1987-11-01,55.4,211.5,313.9,1128.6,5.9
1987-12-01,176.9,357.8,655.3,4274.6,41.8
1988-01-01,71.5,194.2,320.2,1494.6,7.0
1988-02-01,12.6,126.3,68.2,286.3,0.0
1988-03-01,9.5,146.8,59.1,424.6,0.1
1988-04-01,2.2,132.9,18.7,151.6,0.0
1988-05-01,286.0,314.3,867.7,2392.3,28.5
1988-06-01,194.6,378.1,1063.4,3336.6,63.2
1988-07-01,158.2,560.4,1349.7,4226.0,108.4
1988-08-01,177.6,932.3,2685.0,8767.0,938.2
1988-09-01,201.3,470.0,1521.2,2811.5,45.6
1988-10-01,43.8,161.8,409.4,838.3,2.5
1988-11-01,114.2,582.2,797.3,6498.1,81.9
1988-12-01,237.5,362.8,677.2,3239.4,8.1
1989-01-01,36.5,145.9,195.2,1051.5,2.9
1989-02-01,9.6,120.2,62.6,216.6,0.0
1989-03-01,69.1,175.3,216.1,1171.7,3.5
1989-04-01,342.6,521.8,1639.3,6698.4,57.2
1989-05-01,276.5,611.1,1672.3,9585.7,159.4
1989-06-01,195.3,928.6,1841.7,9112.1,806.5
1989-07-01,207.7,1940.6,3231.2,11072.9,3604.8
1989-08-01,442.1,3670.1,6785.5,11753.2,4028.6
1989-09-01,325.4,1667.6,4126.9,7652.1,229.7
1989-10-01,565.2,2301.8,4688.0,11793.9,2866.0
1989-11-01,84.4,165.1,887.1,1265.0,5.4
1989-12-01,27.8,149.0,312.0,400.2,0.1
1990-01-01,6.1,142.9,98.4,87.5,0.0
1990-02-01,589.6,815.8,2323.9,4784.3,64.9
1990-03-01,78.2,148.3,377.5,874.8,0.4
1990-04-01,73.8,332.6,489.2,2368.5,3.4
1990-05-01,13.1,141.2,99.6,442.5,0.0
1990-06-01,84.0,282.2,436.6,2167.6,10.5
1990-07-01,435.5,1045.8,2236.1,6642.2,60.8
1990-08-01,424.9,1667.3,3198.6,11445.4,264.5
1990-09-01,139.8,597.0,1365.5,3943.6,56.4
1990-10-01,173.2,881.9,1544.0,8820.4,316.8
1990-11-01,67.2,211.0,484.0,1349.5,11.1
1990-12-01,15.7,144.5,137.3,379.1,0.1
1991-01-01,86.3,206.9,303.4,1197.2,83.3
1991-02-01,9.3,126.5,49.8,204.0,0.4
1991-03-01,4.1,140.3,33.5,171.3,0.0
1991-04-01,14.4,143.1,58.0,205.2,0.1
1991-05-01,3.6,137.8,24.1,119.9,0.0
1991-06-01,456.6,832.9,2431.1,5772.8,417.8
1991-07-01,123.2,403.8,957.5,2637.5,20.4
1991-08-01,449.5,2153.6,4292.8,10864.6,1649.7
1991-09-01,376.6,2150.5,4300.4,12066.2,3774.5
1991-10-01,53.2,165.1,794.1,1639.4,10.6
1991-11-01,32.0,144.7,323.6,567.0,0.9
1991-12-01,376.3,524.1,1107.5,3104.5,6.2
1992-01-01,79.4,226.9,259.4,640.8,0.0
1992-02-01,14.4,125.6,68.4,166.7,0.0
1992-03-01,17.1,146.6,97.8,313.1,0.2
1992-04-01,31.5,147.9,192.5,707.5,9.2
1992-05-01,116.8,243.6,522.0,1462.4,8.7
1992-06-01,165.7,500.6,1210.0,5698.2,119.8
1992-07-01,72.0,322.7,724.8,3971.9,52.2
1992-08-01,322.8,1719.1,3331.8,12743.5,2023.6
1992-09-01,979.9,3968.3,9527.9,17739.8,8193.3
1992-10-01,532.1,2127.0,5976.9,13332.9,3829.8
1992-11-01,306.5,1309.1,3384.5,9670.1,163.6
1992-12-01,322.7,997.1,2722.8,17512.2,8279.9
1993-01-01,385.3,481.3,1489.3,7060.3,677.4
1993-02-01,61.5,202.9,379.0,1866.1,10.6
1993-03-01,29.2,151.8,145.9,459.5,0.1
1993-04-01,6.4,141.3,45.7,141.4,0.0
1993-05-01,22.1,155.1,87.0,249.2,0.3
1993-06-01,83.8,276.4,464.3,2243.2,14.5
1993-07-01,189.6,354.6,779.0,4634.0,134.4
1993-08-01,145.7,378.6,943.1,6440.9,179.8
1993-09-01,1099.0,3030.2,6396.7,18494.6,6508.4
1993-10-01,327.7,1009.2,2885.5,12845.4,3618.8
1993-11-01,110.5,271.1,919.2,2401.3,29.2
1993-12-01,498.9,798.9,1816.4,7780.1,102.7
1994-01-01,68.6,169.6,378.8,1172.4,1.0
1994-02-01,190.3,415.7,764.0,3103.3,49.8
1994-03-01,24.2,144.5,139.3,535.4,0.3
1994-04-01,12.9,146.9,74.1,411.5,0.1
1994-05-01,28.0,173.1,154.6,1227.8,1.9
1994-06-01,138.4,313.7,644.3,3874.5,26.4
1994-07-01,25.3,160.3,218.5,1615.4,4.3
1994-08-01,24.1,210.9,222.0,2208.0,23.9
1994-09-01,80.4,371.7,590.6,5652.1,37.2
1994-10-01,39.9,202.8,314.0,2138.4,21.4
1994-11-01,28.2,201.2,226.3,3608.9,22.5
1994-12-01,4.0,135.7,47.3,494.3,0.2
1995-01-01,27.8,155.7,151.0,754.1,3.6
1995-02-01,6.6,123.5,43.8,163.2,0.0
1995-03-01,23.1,148.0,158.0,735.6,2.3
1995-04-01,292.3,666.4,1602.2,4876.4,47.6
1995-05-01,139.9,315.8,839.8,3976.8,69.3
1995-06-01,212.6,662.9,1526.4,7124.6,760.4
1995-07-01,285.0,2060.8,3593.1,10705.7,4081.1
1995-08-01,86.5,699.9,1637.7,3771.2,465.4
1995-09-01,41.5,361.6,813.4,2873.8,76.2
1995-10-01,140.9,738.9,1163.9,6784.9,91.9
1995-11-01,88.3,1271.9,1490.5,15439.6,1481.7
1995-12-01,20.5,166.7,320.2,2180.4,8.3
1996-01-01,25.2,158.2,169.0,693.4,0.5
1996-02-01,136.3,377.3,497.0,1592.0,0.8
1996-03-01,53.5,186.0,197.1,641.1,0.2
1996-04-01,45.1,198.2,225.0,1012.2,2.1
1996-05-01,10.2,143.1,59.2,370.3,0.0
1996-06-01,171.7,423.5,561.3,2766.9,8.5
1996-07-01,407.2,1584.8,2662.6,12387.2,394.1
1996-08-01,356.3,2466.0,3234.1,12634.9,655.1
1996-09-01,922.6,4561.0,7319.2,15910.3,4802.3
1996-10-01,225.8,496.7,1880.4,2771.0,31.9
1996-11-01,48.7,150.6,516.3,753.6,0.6
1996-12-01,15.8,145.1,188.2,279.3,0.3
1997-01-01,25.3,155.2,139.1,269.0,0.6
1997-02-01,3.2,128.3,30.6,50.5,0.0
1997-03-01,3.0,144.5,28.6,58.3,0.0
1997-04-01,1.5,134.8,11.3,22.4,0.0
1997-05-01,93.4,227.5,443.3,515.3,5.4
1997-06-01,27.3,165.7,220.7,417.5,0.5
1997-07-01,24.1,171.2,209.7,251.1,0.2
1997-08-01,95.4,275.0,597.7,826.9,3.2
1997-09-01,196.9,415.4,1251.3,1540.2,19.1
1997-10-01,51.3,183.3,357.8,899.5,0.9
1997-11-01,88.3,276.3,603.3,1792.8,18.2
1997-12-01,11.0,131.2,105.3,295.1,0.1
1998-01-01,13.8,135.3,67.5,218.1,0.2
1998-02-01,16.3,126.6,81.6,198.5,0.0
1998-03-01,2.9,128.4,19.0,44.2,0.0
1998-04-01,59.7,160.3,269.8,668.4,3.5
1998-05-01,25.0,144.8,151.2,315.0,0.1
1998-06-01,99.5,280.6,664.9,1080.8,2.9
1998-07-01,172.3,388.9,1258.0,1727.6,13.4
1998-08-01,31.9,149.2,346.6,817.2,1.2
1998-09-01,84.1,254.4,587.1,1027.5,2.2
1998-10-01,170.0,406.5,946.5,2053.8,3.7
1998-11-01,99.0,322.1,747.2,1990.5,1.6
1998-12-01,43.0,149.6,236.3,713.0,0.0
1999-01-01,16.4,136.3,144.7,534.1,0.1
1999-02-01,57.5,200.0,426.5,1384.5,2.3
1999-03-01,30.8,144.0,189.1,804.5,0.1
1999-04-01,5.6,114.2,44.7,189.6,0.0
1999-05-01,56.8,158.4,251.4,897.6,1.6
1999-06-01,77.9,181.1,385.7,1393.5,1.6
1999-07-01,19.7,129.8,152.9,909.7,0.2
1999-08-01,175.1,438.8,1170.5,4350.3,5.8
1999-09-01,49.6,172.0,393.1,1448.1,0.1
1999-10-01,44.5,179.0,328.2,1096.7,1.4
1999-11-01,24.1,122.6,136.2,392.5,0.2
1999-12-01,106.2,326.9,669.5,2439.4,6.6
2000-01-01,16.4,133.8,145.8,572.4,0.0
2000-02-01,7.0,101.5,49.0,134.6,0.0
2000-03-01,1.7,109.3,16.9,39.7,0.0
2000-04-01,51.1,140.0,262.1,513.2,0.3
2000-05-01,112.5,348.2,704.8,1712.0,0.8
2000-06-01,45.0,144.0,259.5,432.5,0.0
2000-07-01,135.8,279.5,731.2,1112.8,0.4
2000-08-01,56.2,227.1,515.3,922.5,1.5
2000-09-01,272.2,1014.2,2613.6,4585.7,59.2
2000-10-01,405.0,1968.9,3635.8,12527.1,60.8
2000-11-01,134.6,152.6,764.8,1485.7,0.8
2000-12-01,27.9,114.1,257.6,445.1,0.0
2001-01-01,10.1,110.5,91.3,132.9,0.0
2001-02-01,2.7,98.0,33.5,74.2,0.1
2001-03-01,96.5,152.8,274.9,392.9,0.6
2001-04-01,90.5,689.9,1552.5,9756.5,298.6
2001-05-01,13.9,109.5,251.8,1681.8,1.6
2001-06-01,63.0,191.3,448.6,2378.9,61.0
2001-07-01,11.2,112.4,108.4,658.2,1.1
2001-08-01,240.1,1239.7,2487.0,9879.4,505.4
2001-09-01,88.8,278.9,867.4,2468.0,62.5
2001-10-01,292.1,1268.2,2561.7,9622.4,454.1
2001-11-01,148.8,622.7,1192.8,6555.8,71.6
2001-12-01,37.9,174.2,419.5,1802.9,9.7
2002-01-01,11.9,108.3,116.2,383.7,0.1
2002-02-01,54.5,128.4,294.2,732.1,18.4
2002-03-01,7.3,105.5,56.9,143.6,0.1
2002-04-01,15.7,112.3,66.5,277.9,0.1
2002-05-01,32.5,131.1,164.4,468.6,0.5
2002-06-01,77.2,205.0,411.2,2102.7,7.1
2002-07-01,50.2,269.2,714.7,4054.6,31.1
2002-08-01,41.9,250.9,541.0,2794.8,9.0
2002-09-01,69.8,281.2,727.2,3900.6,17.4
2002-10-01,22.8,133.2,227.7,932.3,1.3
2002-11-01,8.1,101.2,83.9,436.1,1.7
2002-12-01,7.7,100.6,40.3,134.9,0.0
2003-01-01,4.3,99.1,21.4,98.7,0.0
2003-02-01,3.8,94.5,37.7,124.4,0.0
2003-03-01,8.8,102.0,43.6,126.1,0.0
2003-04-01,40.6,194.6,277.5,535.9,0.3
2003-05-01,15.9,105.4,88.6,157.2,0.0
2003-06-01,53.5,188.7,362.0,603.4,1.4
2003-07-01,118.7,451.5,1045.2,2272.8,21.4
2003-08-01,248.4,984.4,2342.1,2933.6,111.8
2003-09-01,97.0,606.8,1594.1,3531.2,236.3
2003-10-01,239.8,1282.5,2781.0,12431.0,1889.9
2003-11-01,41.6,141.0,584.9,1709.9,5.0
2003-12-01,15.4,102.5,192.8,456.1,0.0
2004-01-01,16.7,106.6,105.7,292.2,0.2
2004-02-01,2.6,88.2,35.5,120.6,0.0
2004-03-01,8.2,101.1,65.2,210.0,0.1
2004-04-01,9.6,98.1,52.7,131.1,0.0
2004-05-01,35.3,118.3,172.0,417.6,0.4
2004-06-01,337.6,675.8,2054.2,2325.9,20.8
2004-07-01,149.9,536.3,1706.3,2649.8,10.1
2004-08-01,277.4,1432.0,3209.9,3639.1,18.5
2004-09-01,187.4,1015.7,2826.2,5595.6,28.7
2004-10-01,56.4,175.0,730.2,1172.7,1.4
2004-11-01,131.9,346.1,853.4,1709.2,8.5
2004-12-01,255.3,580.7,1563.4,4813.4,19.8
2005-01-01,38.0,105.1,275.6,690.9,0.1
2005-02-01,306.8,858.6,1738.9,9431.8,27.3
2005-03-01,35.9,96.3,281.9,1138.6,0.2
2005-04-01,10.3,93.9,100.2,381.8,0.0
2005-05-01,5.7,96.6,52.4,150.8,0.0
2005-06-01,87.9,182.2,390.2,1176.6,1.1
2005-07-01,26.3,134.6,237.7,1158.5,1.2
2005-08-01,146.0,664.1,1867.7,7991.0,96.6
2005-09-01,107.4,269.9,865.5,2569.5,6.0
2005-10-01,149.3,310.5,1231.8,5777.1,22.4
2005-11-01,54.7,125.9,375.7,1182.0,0.2
2005-12-01,34.2,101.6,146.4,417.2,0.1
2006-01-01,13.1,95.8,61.3,235.0,0.2
2006-02-01,5.5,86.1,59.2,276.6,0.0
2006-03-01,1.4,89.3,14.2,55.7,0.0
2006-04-01,48.7,155.2,308.9,624.8,1.7
2006-05-01,52.2,247.4,553.6,969.8,1.8
2006-06-01,7.7,87.5,95.9,170.9,0.0
2006-07-01,58.0,269.6,593.1,1391.8,2.0
2006-08-01,15.3,115.2,184.0,704.6,0.4
2006-09-01,12.4,118.9,161.1,801.7,1.0
2006-10-01,1.9,85.3,33.7,145.7,0.0
2006-11-01,3.3,84.0,25.1,79.8,0.0
2006-12-01,1.2,83.9,7.5,18.9,0.0
2007-01-01,112.2,149.5,317.2,111.0,0.2
2007-02-01,12.5,77.2,55.7,61.6,0.0
2007-03-01,11.1,84.3,48.3,31.8,0.0
2007-04-01,5.1,80.7,28.9,60.3,0.1
2007-05-01,123.9,211.1,541.0,526.1,3.5
2007-06-01,56.5,157.9,335.1,472.6,2.8
2007-07-01,260.7,1117.2,2979.1,3622.3,143.5
2007-08-01,55.1,251.6,786.0,986.0,2.5
2007-09-01,69.9,294.5,729.4,671.5,3.9
2007-10-01,13.8,94.7,192.1,252.1,0.1
2007-11-01,171.3,333.3,964.5,2959.5,57.1
2007-12-01,88.6,198.7,481.3,1059.9,6.9
2008-01-01,14.0,80.9,106.4,238.7,0.0
2008-02-01,10.7,84.4,85.9,328.4,0.0
2008-03-01,4.8,80.3,32.7,95.8,0.0
2008-04-01,1.5,75.9,13.4,29.8,0.0
2008-05-01,45.6,130.5,262.0,554.1,1.2
2008-06-01,31.1,102.8,207.8,349.2,0.1
2008-07-01,139.2,231.2,806.8,964.9,2.9
2008-08-01,205.0,565.5,1872.7,2142.1,6.7
2008-09-01,40.3,107.8,448.3,609.1,0.9
2008-10-01,9.2,76.4,128.3,147.8,0.0
2008-11-01,37.6,90.6,157.9,250.6,0.1
2008-12-01,137.7,275.3,697.7,1441.4,6.6
2009-01-01,15.2,74.3,105.5,222.6,0.0
2009-02-01,3.8,67.1,32.9,51.3,0.0
2009-03-01,24.0,82.4,58.7,79.7,0.0
2009-04-01,16.2,83.7,89.2,215.1,0.1
2009-05-01,6.5,75.5,40.0,56.3,0.0
2009-06-01,39.3,90.1,189.3,111.8,0.3
2009-07-01,127.3,234.8,663.5,581.6,4.0
2009-08-01,137.4,515.5,1375.4,1663.8,33.4
2009-09-01,273.9,796.5,2189.2,2371.2,49.1
2009-10-01,47.3,120.5,527.5,831.5,0.9
2009-11-01,259.8,401.1,1124.3,2433.0,25.7
2009-12-01,40.6,82.2,237.8,599.1,0.5
2010-01-01,11.2,71.9,75.3,162.3,0.0
2010-02-01,11.9,65.9,34.6,119.8,0.1
2010-03-01,165.7,117.4,308.5,776.7,9.1
2010-04-01,53.0,111.3,281.9,875.0,5.6
2010-05-01,34.5,138.8,268.6,1082.9,2.0
2010-06-01,64.4,150.5,283.7,965.4,12.7
2010-07-01,53.7,94.5,189.8,622.2,5.2
2010-08-01,1157.9,2237.4,6236.7,9793.3,1694.8
2010-09-01,761.0,1742.4,4905.1,8470.5,1032.1
2010-10-01,556.7,2055.1,5514.8,13614.7,4735.5
2010-11-01,631.6,1410.0,3260.3,8459.7,199.1
2010-12-01,229.4,457.5,1333.9,1753.5,5.0
2011-01-01,1580.9,1826.7,4895.7,15969.5,3563.9
2011-02-01,694.5,620.7,1652.7,8518.5,33.4
2011-03-01,120.0,113.5,452.4,1256.0,1.3
2011-04-01,65.4,187.2,309.5,1577.2,6.0
2011-05-01,162.2,476.2,548.4,4110.0,20.9
2011-06-01,93.5,627.1,501.4,7282.8,197.0
2011-07-01,159.7,1224.0,715.2,6588.8,516.8
2011-08-01,73.9,230.3,247.6,1108.6,4.5
2011-09-01,91.6,394.5,354.8,998.0,1.4
2011-10-01,335.2,1652.7,1689.7,4595.7,23.4
2011-11-01,309.5,1206.1,1275.9,8448.7,17.0
2011-12-01,46.4,120.1,263.6,906.2,0.1
2012-01-01,13.5,91.0,85.6,231.3,0.0
2012-02-01,65.0,127.2,154.7,354.6,0.0
2012-03-01,50.2,117.6,147.9,465.6,0.2
2012-04-01,24.2,132.8,167.5,595.0,0.2
2012-05-01,61.9,301.7,496.0,1873.4,2.5
2012-06-01,311.2,2303.4,3136.7,12523.5,77.6
2012-07-01,293.1,1866.3,2673.8,6782.4,14.9
2012-08-01,279.2,2478.1,3760.5,6445.3,66.4
2012-09-01,117.8,1091.9,2312.2,3646.8,60.7
2012-10-01,44.4,238.8,829.5,1208.1,3.9
2012-11-01,22.7,143.8,359.8,601.5,3.1
2012-12-01,17.8,121.1,157.1,351.4,0.1
2013-01-01,2.5,99.1,39.6,63.8,0.0
2013-02-01,59.7,109.7,138.2,154.4,0.0
2013-03-01,8.2,98.3,32.4,48.2,0.0
2013-04-01,3.1,95.4,21.7,35.8,0.0
2013-05-01,21.8,112.1,99.0,105.2,0.1
2013-06-01,62.8,338.9,908.0,2103.7,75.5
2013-07-01,159.7,659.8,2003.5,2531.7,40.9
2013-08-01,225.7,1365.2,3878.6,4188.1,242.9
2013-09-01,141.6,542.7,1681.6,2030.4,96.9
2013-10-01,174.2,903.8,2397.6,3824.0,157.0
2013-11-01,68.8,385.3,845.9,1322.9,2.0
2013-12-01,18.0,110.3,242.4,328.6,0.0
2014-01-01,5.9,99.1,81.0,124.8,0.0
2014-02-01,1.5,88.5,25.3,26.8,0.0
2014-03-01,9.2,103.2,65.1,172.2,0.2
2014-04-01,82.2,231.0,618.4,1208.9,14.2
2014-05-01,19.6,104.6,147.8,299.0,0.1
2014-06-01,288.3,682.8,1809.1,2488.6,36.9
2014-07-01,150.0,560.9,1583.0,1423.2,14.7
2014-08-01,48.4,378.8,922.3,1608.3,6.8
2014-09-01,36.7,159.2,413.6,709.7,0.6
2014-10-01,25.5,148.5,242.4,339.7,0.0
2014-11-01,24.5,140.7,225.7,757.2,0.9
2014-12-01,5.7,98.1,61.0,301.8,0.0
2015-01-01,61.3,152.8,237.3,1011.9,2.1
2015-02-01,28.7,111.8,224.5,497.0,1.1
2015-03-01,15.0,100.7,80.1,209.9,0.0
2015-04-01,18.7,127.4,123.4,498.9,0.1
2015-05-01,49.3,241.0,446.3,1051.8,4.0
2015-06-01,16.9,116.5,167.3,714.2,0.5
2015-07-01,81.7,332.1,584.1,1926.5,1.8
2015-08-01,52.3,376.7,607.2,2235.9,1.0
2015-09-01,37.1,192.3,412.6,1212.7,2.2
2015-10-01,5.2,87.9,81.2,251.9,0.0
2015-11-01,4.1,89.8,55.7,391.5,0.2
2015-12-01,5.6,87.8,32.1,89.5,0.0
2016-01-01,13.0,92.7,38.6,154.0,0.0
2016-02-01,2.9,78.0,15.8,55.9,0.0
2016-03-01,10.4,92.5,66.2,81.5,0.0
2016-04-01,2.3,81.9,16.2,25.9,0.0
2016-05-01,143.9,213.9,598.8,788.3,7.0
2016-06-01,197.2,394.3,1124.2,1158.8,7.8
2016-07-01,481.9,2707.1,5684.5,6108.8,409.9
2016-08-01,197.0,1090.7,3018.2,2528.1,40.8
2016-09-01,2125.1,5336.7,14180.3,9995.1,976.3
2016-10-01,1159.8,2833.8,9477.6,10999.7,4042.0
2016-11-01,191.0,131.2,1876.6,1179.7,7.7
2016-12-01,62.8,110.9,667.4,367.3,0.1
2017-01-01,34.0,111.8,260.2,224.9,0.2
2017-02-01,36.5,103.2,132.3,183.5,0.2
2017-03-01,16.7,108.8,84.2,317.7,0.1
2017-04-01,288.0,648.0,1664.1,4791.6,237.5
2017-05-01,56.2,133.6,389.9,1375.1,5.3
2017-06-01,12.9,108.2,130.6,464.2,0.1
2017-07-01,81.7,240.4,609.8,1387.6,27.1
2017-08-01,155.6,688.8,1420.8,3153.9,127.4
2017-09-01,124.0,903.4,1824.1,6712.0,321.5
2017-10-01,78.7,294.9,1008.7,1884.2,17.6
2017-11-01,49.9,184.6,400.9,1059.5,1.8
2017-12-01,43.1,127.9,223.2,444.2,0.3
2018-01-01,16.8,102.8,76.3,295.6,0.1
2018-02-01,2.8,90.0,20.5,55.4,0.0
2018-03-01,8.8,100.6,34.2,36.6,0.0
2018-04-01,4.2,95.5,20.2,28.4,0.0
2018-05-01,174.7,392.6,955.4,1635.1,9.9
2018-06-01,67.4,183.9,457.8,853.6,1.6
2018-07-01,149.9,625.8,1976.2,2799.7,58.8
2018-08-01,113.5,647.1,1670.3,1771.6,19.0
2018-09-01,21.2,143.5,428.3,646.6,0.8
2018-10-01,11.1,102.0,171.6,234.9,0.2
2018-11-01,32.2,134.8,175.2,456.0,0.5
2018-12-01,135.2,170.3,382.8,595.2,1.9
2019-01-01,14.8,93.5,61.2,97.2,0.0
2019-02-01,4.6,86.0,26.8,131.9,0.1
2019-03-01,3.3,93.8,17.0,49.0,0.0
2019-04-01,1.9,89.6,11.4,19.9,0.0
2019-05-01,749.2,1802.4,4180.1,5463.1,234.5
2019-06-01,454.5,2042.2,3880.7,5146.0,441.1
2019-07-01,180.9,2416.7,4099.1,4850.4,833.5
2019-08-01,366.2,4039.8,7432.2,8235.5,2646.6
2019-09-01,140.5,828.6,3194.2,2258.1,39.3
2019-10-01,48.4,200.5,990.4,1010.1,4.0
2019-11-01,115.4,309.1,817.3,1268.7,7.7
2019-12-01,14.0,109.6,173.7,220.2,0.0
